,robot_x,robot_y,local_ppl_cnt
0,0.1767766952966369,-3.823223304703363,0
1,0.4077465784244586,-3.7275524466120906,1
2,0.6387164615522802,-3.631881588520818,1
3,0.8154931568489171,-3.4551048932241812,1
4,0.9111640149401896,-3.2241350100963597,1
5,1.006834873031462,-2.993165126968538,1
6,1.256834873031462,-2.993165126968538,1
7,1.4878047561592838,-2.897494268877266,1
8,1.6645814514559205,-3.0742709641739028,1
9,1.6645814514559205,-2.8242709641739028,2
10,1.760252309547193,-2.5933010810460813,2
11,1.760252309547193,-2.3433010810460813,2
12,1.760252309547193,-2.0933010810460813,2
13,1.760252309547193,-1.8433010810460813,1
14,1.8559231676384653,-1.6123311979182595,1
15,1.8559231676384653,-1.3623311979182595,4
16,1.8559231676384653,-1.1123311979182595,5
17,1.9515940257297377,-0.8813613147904378,5
18,2.0472648838210104,-0.650391431662616,5
19,1.951594025729738,-0.41942154853479435,5
20,1.8559231676384655,-0.18845166540697267,4
21,1.951594025729738,0.042518217720849016,4
22,2.128370721026375,0.21929491301748588,4
23,2.3593406041541964,0.12362405492621328,5
24,2.590310487282018,0.027953196834940686,4
25,2.840310487282018,0.027953196834940686,4
26,3.0712803704098395,0.12362405492621313,3
27,3.0712803704098395,0.37362405492621314,2
28,2.8945036751132025,0.5504007502228501,2
29,2.7177269798165655,0.7271774455194869,2
30,2.5409502845199285,0.9039541408161238,3
31,2.309980401392107,0.9996249989073963,3
32,2.0790105182642855,1.0952958569986688,3
33,1.9022338229676485,1.2720725522953058,3
34,1.8065629648763761,1.5030424354231275,3
35,1.7108921067851037,1.7340123185509493,3
36,1.7108921067851037,1.9840123185509493,2
37,1.7108921067851037,2.1623213869753553,2
38,1.6651180028030677,2.272829849614263,2
39,1.5694471447117953,2.5037997327420847,3
40,1.3926704494151583,2.6805764280387216,3
41,1.2158937541185213,2.8573531233353586,4
42,1.0391170588218843,3.0341298186319956,2
43,0.8081471756940626,3.129800676723268,2
44,0.6313704803974257,3.306577372019905,1
45,0.45459378510078885,3.483354067316542,1
46,0.22362390197296717,3.5790249254078144,1
47,0.2236239019729672,3.8290249254078144,1
48,-0.23096988312782168,-3.9043291419087276,0
49,-0.46193976625564337,-3.808658283817455,0
50,-0.692909649383465,-3.712987425726183,0
51,-0.7885805074747374,-3.4820175425983613,0
52,-0.9653572027713743,-3.3052408473017243,0
53,-1.1421338980680111,-3.1284641520050873,1
54,-1.3731037811958329,-3.032793293913815,1
55,-1.6040736643236546,-2.9371224358225425,1
56,-1.7808503596202914,-2.7603457405259055,1
57,-1.9576270549169283,-2.5835690452292686,1
58,-2.0532979130082007,-2.352599162101447,1
59,-2.0532979130082007,-2.102599162101447,1
60,-2.0532979130082007,-1.852599162101447,1
61,-2.0532979130082007,-1.602599162101447,2
62,-2.0532979130082007,-1.352599162101447,2
63,-2.0532979130082007,-1.102599162101447,4
64,-1.9576270549169283,-0.8716292789736253,4
65,-1.861956196825656,-0.6406593958458036,4
66,-1.7662853387343835,-0.4096895127179819,5
67,-1.6706144806431111,-0.1787196295901602,5
68,-1.6706144806431111,-0.00041056116575438617,5
69,-1.6023785543166378,0.16432553761270868,5
70,-1.5067076962253654,0.39529542074053037,5
71,-1.411036838134093,0.6262653038683521,5
72,-1.3153659800428206,0.8572351869961738,4
73,-1.2196951219515482,1.0882050701239956,4
74,-1.1240242638602758,1.3191749532518173,4
75,-0.9472475685636389,1.4959516485484543,4
76,-0.770470873267002,1.6727283438450913,4
77,-0.6748000151757296,1.903698226972913,3
78,-0.5791291570844572,2.1346681101007348,3
79,-0.48345829899318477,2.3656379932285563,2
80,-0.48345829899318477,2.6156379932285563,2
81,-0.48345829899318477,2.8656379932285563,0
82,-0.48345829899318477,3.1156379932285563,0
83,-0.48345829899318477,3.3656379932285563,0
84,-0.48345829899318477,3.6156379932285563,0
85,-0.48345829899318477,3.8656379932285563,0
86,-0.2524884158653631,3.9613088513198287,0
87,-0.2309698831278217,-4.095670858091273,0
88,-0.4619397662556434,-4.191341716182546,1
89,-0.7119397662556435,-4.191341716182546,1
90,-0.9429096493834652,-4.095670858091273,2
91,-1.173879532511287,-4.0,2
92,-1.423879532511287,-4.0,2
93,-1.6548494156391087,-3.9043291419087276,2
94,-1.8316261109357455,-3.7275524466120906,2
95,-2.0084028062323824,-3.5507757513154536,2
96,-2.104073664323655,-3.319805868187632,2
97,-2.1997445224149272,-3.0888359850598106,2
98,-2.1997445224149272,-2.8388359850598106,3
99,-2.1997445224149272,-2.5888359850598106,3
100,-2.1997445224149272,-2.3388359850598106,3
101,-2.104073664323655,-2.107866101931989,4
102,-2.0084028062323824,-1.8768962188041673,4
103,-2.0084028062323824,-1.6268962188041673,4
104,-2.104073664323655,-1.3959263356763456,4
105,-2.104073664323655,-1.1459263356763456,4
106,-2.104073664323655,-0.8959263356763456,4
107,-2.230157215753608,-0.7698427842463922,4
108,-2.230157215753608,-0.5198427842463922,4
109,-2.1344863576623356,-0.2888729011185705,5
110,-2.1344863576623356,-0.0388729011185705,5
111,-2.0388154995710632,0.19209698200925118,5
112,-1.9431446414797908,0.42306686513707287,5
113,-1.8474737833885184,0.6540367482648946,5
114,-1.751802925297246,0.8850066313927163,4
115,-1.6561320672059736,1.115976514520538,4
116,-1.5604612091147012,1.3469463976483598,4
117,-1.4647903510234288,1.5779162807761815,2
118,-1.3691194929321564,1.8088861639040033,2
119,-1.1923427976355194,1.98566285920064,2
120,-1.0155661023388824,2.162439554497277,2
121,-0.7845962192110607,2.2581104125885494,2
122,-0.6078195239144238,2.4348871078851864,1
123,-0.5121486658231513,2.665856991013008,1
124,-0.41647780773187887,2.8968268741408294,1
125,-0.41647780773187887,3.1468268741408294,0
126,-0.5932545030285158,2.9700501788441924,0
127,-0.49758364493724333,3.201020061972014,2
128,-0.49758364493724333,3.451020061972014,1
129,-0.49758364493724333,3.701020061972014,1
130,-0.49758364493724333,3.8793291303964197,1
131,-0.26661376180942165,3.974999988487692,1
132,-0.25,-4.0,0
133,-0.5,-4.0,0
134,-0.7309698831278217,-4.095670858091273,1
135,-0.9619397662556435,-4.0,1
136,-1.1929096493834652,-3.9043291419087276,1
137,-1.423879532511287,-3.808658283817455,1
138,-1.600656227807924,-3.631881588520818,2
139,-1.777432923104561,-3.4551048932241812,2
140,-1.954209618401198,-3.2783281979275443,1
141,-2.0498804764924703,-3.0473583147997227,1
142,-2.1455513345837427,-2.8163884316719012,1
143,-2.241222192675015,-2.5854185485440797,1
144,-2.3368930507662875,-2.354448665416258,2
145,-2.43256390885756,-2.1234787822884367,2
146,-2.5282347669488323,-1.892508899160615,2
147,-2.5282347669488323,-1.642508899160615,1
148,-2.5282347669488323,-1.392508899160615,2
149,-2.5282347669488323,-1.142508899160615,1
150,-2.5282347669488323,-0.8925088991606149,1
151,-2.5282347669488323,-0.6425088991606149,0
152,-2.5282347669488323,-0.39250889916061493,0
153,-2.5282347669488323,-0.21419983073620913,0
154,-2.43256390885756,0.016770052391612555,2
155,-2.3368930507662875,0.24773993551943424,2
156,-2.241222192675015,0.4787098186472559,2
157,-2.064445497378378,0.6554865139438928,3
158,-1.8876688020817411,0.8322632092405297,3
159,-1.7919979439904687,1.0632330923683513,4
160,-1.6963270858991963,1.294202975496173,4
161,-1.5195503906025594,1.47097967079281,4
162,-1.3427736953059224,1.647756366089447,4
163,-1.1659970000092854,1.824533061386084,4
164,-0.9350271168814637,1.9202039194773564,3
165,-0.7582504215848268,2.0969806147739933,3
166,-0.6386369235581695,2.0969806147739933,3
167,-0.5125533721282161,2.2230641662039465,3
168,-0.3357766768315792,2.3998408615005835,3
169,-0.24010581874030673,2.630810744628405,3
170,-0.06332912344366984,2.807587439925042,1
171,0.11344757185296706,2.984364135221679,1
172,0.0452116455264938,3.149100234000142,1
173,-0.18575823760132792,3.0534293759088698,1
174,-0.41672812072914966,2.9577585178175974,1
175,-0.6476980038569713,3.0534293759088698,1
176,-0.6476980038569713,3.3034293759088698,0
177,-0.5520271457656989,3.5343992590366913,1
178,-0.5520271457656989,3.7843992590366913,1
179,-0.45635628767442643,4.015369142164513,1
180,-0.2916201888959634,3.9471332158380394,1
181,-0.2309698831278217,-4.095670858091273,0
182,-0.4619397662556434,-4.191341716182546,2
183,-0.6929096493834651,-4.2870125742738185,2
184,-0.9238795325112867,-4.191341716182546,1
185,-1.1548494156391085,-4.095670858091273,1
186,-1.4048494156391085,-4.095670858091273,1
187,-1.6358192987669302,-4.0,1
188,-1.866789181894752,-3.9043291419087276,1
189,-2.043565877191389,-3.7275524466120906,1
190,-2.220342572488026,-3.5507757513154536,1
191,-2.397119267784663,-3.3739990560188167,1
192,-2.4927901258759353,-3.143029172890995,0
193,-2.5884609839672077,-2.9120592897631736,0
194,-2.68413184205848,-2.681089406635352,0
195,-2.7798027001497525,-2.4501195235075306,0
196,-2.875473558241025,-2.219149640379709,0
197,-2.875473558241025,-1.969149640379709,1
198,-2.875473558241025,-1.719149640379709,2
199,-2.875473558241025,-1.469149640379709,2
200,-2.875473558241025,-1.219149640379709,3
201,-2.875473558241025,-0.9691496403797091,3
202,-2.875473558241025,-0.7191496403797091,3
203,-2.875473558241025,-0.4691496403797091,2
204,-2.875473558241025,-0.2908405719553033,4
205,-2.7798027001497525,-0.05987068882748159,4
206,-2.68413184205848,0.1710991943003401,5
207,-2.5884609839672077,0.4020690774281618,6
208,-2.4116842886705707,0.5788457727247986,6
209,-2.2349075933739337,0.7556224680214355,5
210,-2.0581308980772968,0.9323991633180724,5
211,-1.8813542027806598,1.1091758586147091,5
212,-1.7045775074840228,1.285952553911346,5
213,-1.5278008121873858,1.462729249207983,5
214,-1.3510241168907489,1.63950594450462,3
215,-1.1742474215941119,1.816282639801257,3
216,-0.997470726297475,1.993059335097894,3
217,-0.747470726297475,1.993059335097894,4
218,-0.5706940310008382,2.169836030394531,4
219,-0.4750231729095657,2.4008059135223525,4
220,-0.37935231481829323,2.631775796650174,5
221,-0.2836814567270208,2.8627456797779955,4
222,-0.2836814567270208,3.1127456797779955,4
223,-0.2836814567270208,3.3627456797779955,4
224,-0.10690476143038388,3.5395223750746325,4
225,-0.10690476143038387,3.7895223750746325,4
226,-0.2309698831278217,-4.095670858091273,0
227,-0.48096988312782174,-4.095670858091273,2
228,-0.7119397662556435,-4.191341716182546,2
229,-0.9429096493834652,-4.095670858091273,2
230,-1.119686344680102,-3.918894162794636,2
231,-1.369686344680102,-3.918894162794636,2
232,-1.546463039976739,-3.742117467497999,2
233,-1.723239735273376,-3.565340772201362,2
234,-1.900016430570013,-3.388564076904725,2
235,-1.9956872886612853,-3.1575941937769034,2
236,-2.0913581467525577,-2.926624310649082,1
237,-2.18702900484383,-2.6956544275212604,1
238,-2.18702900484383,-2.4456544275212604,2
239,-2.2826998629351025,-2.214684544393439,2
240,-2.18702900484383,-1.9837146612656171,3
241,-2.18702900484383,-1.7337146612656171,3
242,-2.18702900484383,-1.4837146612656171,3
243,-2.18702900484383,-1.2337146612656171,4
244,-2.18702900484383,-0.9837146612656171,2
245,-2.0913581467525577,-0.7527447781377954,3
246,-1.9956872886612853,-0.5217748950099736,4
247,-1.900016430570013,-0.29080501188215196,4
248,-1.8043455724787405,-0.05983512875433028,4
249,-1.708674714387468,0.1711347543734914,4
250,-1.6130038562961957,0.4021046375013131,4
251,-1.5173329982049233,0.6330745206291348,3
252,-1.4216621401136509,0.8640444037569566,4
253,-1.3259912820223785,1.0950142868847783,4
254,-1.230320423931106,1.3259841700126,3
255,-1.1346495658398337,1.5569540531404218,3
256,-1.0389787077485613,1.7879239362682435,3
257,-0.8622020124519244,1.9647006315648805,3
258,-0.6854253171552875,2.1414773268615175,2
259,-0.6193146878905563,2.114093407603046,2
260,-0.5687158028448698,2.1646922926487324,2
261,-0.44263225141491636,2.290775844078686,2
262,-0.2658555561182795,2.467552539375323,2
263,-0.17018469802700703,2.6985224225031446,2
264,-0.170184698027007,2.9485224225031446,1
265,-0.17018469802700698,3.1985224225031446,2
266,-0.17018469802700695,3.4485224225031446,3
267,-0.17018469802700692,3.6985224225031446,3
268,-0.1701846980270069,3.9485224225031446,3
269,-0.25,-4.0,0
270,-0.5,-4.0,0
271,-0.75,-4.0,0
272,-0.9809698831278217,-3.9043291419087276,0
273,-1.2119397662556435,-3.808658283817455,0
274,-1.4619397662556435,-3.808658283817455,0
275,-1.6387164615522805,-3.631881588520818,0
276,-1.8696863446801022,-3.536210730429546,0
277,-2.100656227807924,-3.4405398723382734,0
278,-2.3316261109357455,-3.344869014247001,0
279,-2.5084028062323824,-3.168092318950364,1
280,-2.6851795015290194,-2.991315623653727,0
281,-2.916149384656841,-2.8956447655624546,0
282,-3.0118202427481133,-2.664674882434633,0
283,-3.1074911008393857,-2.4337049993068116,0
284,-3.203161958930658,-2.20273511617899,0
285,-3.203161958930658,-1.95273511617899,0
286,-3.203161958930658,-1.70273511617899,0
287,-3.203161958930658,-1.45273511617899,0
288,-3.203161958930658,-1.20273511617899,1
289,-3.203161958930658,-1.0244260477545843,1
290,-3.2305458781891296,-0.9583154184898531,1
291,-3.257929797447601,-0.8922047892251219,2
292,-3.1622589393563287,-0.6612349060973002,2
293,-2.9854822440596918,-0.4844582108006633,1
294,-2.8898113859684194,-0.25348832767284163,2
295,-2.7130346906717824,-0.07671163237620476,3
296,-2.644798764345309,0.0880244664022583,5
297,-2.468022069048672,0.26480116169889517,5
298,-2.291245373752035,0.44157785699553204,6
299,-2.1955745156607627,0.6725477401233537,6
300,-2.0999036575694903,0.9035176232511755,6
301,-1.9738201061395368,1.0296011746811289,4
302,-1.8477365547095834,1.1556847261110823,4
303,-1.6167666715817617,1.2513555842023547,4
304,-1.5210958134904893,1.4823254673301764,4
305,-1.3443191181938523,1.6591021626268132,4
306,-1.1675424228972153,1.8358788579234502,4
307,-0.9907657276005785,2.012655553220087,5
308,-0.8139890323039416,2.189432248516724,4
309,-0.7183181742126692,2.4204021316445457,3
310,-0.7183181742126692,2.6704021316445457,2
311,-0.7183181742126692,2.9204021316445457,2
312,-0.7183181742126692,2.6704021316445457,2
313,-0.6226473161213968,2.901372014772367,2
314,-0.4458706208247599,3.078148710069004,2
315,-0.35019976273348746,3.3091185931968257,2
316,-0.254528904642215,3.540088476324647,3
317,-0.15885804655094254,3.7710583594524687,3
318,0.23096988312782168,-3.9043291419087276,0
319,0.4809698831278217,-3.9043291419087276,0
320,0.7119397662556434,-3.808658283817455,0
321,0.8887164615522802,-3.631881588520818,1
322,1.0654931568489172,-3.4551048932241812,1
323,1.296463039976739,-3.359434035132909,1
324,1.5274329231045607,-3.2637631770416364,1
325,1.7584028062323824,-3.168092318950364,2
326,1.9351795015290194,-2.991315623653727,2
327,2.1119561968256564,-2.81453892835709,1
328,2.2887328921222934,-2.637762233060453,1
329,2.3844037502135658,-2.4067923499326316,1
330,2.480074608304838,-2.17582246680481,1
331,2.5757454663961106,-1.9448525836769883,1
332,2.480074608304838,-1.7138827005491666,2
333,2.3844037502135658,-1.4829128174213448,2
334,2.480074608304838,-1.251942934293523,2
335,2.5757454663961106,-1.0209730511657014,3
336,2.480074608304838,-0.7900031680378796,4
337,2.3844037502135658,-0.5590332849100579,4
338,2.2887328921222934,-0.3280634017822362,5
339,2.519702775250115,-0.23239254369096374,5
340,2.4240319171588425,-0.001422660563142053,5
341,2.32836105906757,0.22954722256467963,5
342,2.2326902009762977,0.4605171056925013,6
343,2.1370193428850253,0.691486988820323,6
344,2.041348484793753,0.9224568719481447,6
345,2.041348484793753,1.1724568719481447,6
346,1.9456776267024805,1.4034267550759665,6
347,1.7689009314058435,1.5802034503726035,6
348,1.5921242361092065,1.7569801456692404,5
349,1.496453378017934,1.9879500287970622,4
350,1.4007825199266617,2.2189199119248837,3
351,1.3051116618353893,2.449889795052705,3
352,1.2094408037441169,2.6808596781805267,1
353,0.9784709206162951,2.5851888200892543,1
354,0.8016942253196583,2.7619655153858913,1
355,0.6249175300230214,2.9387422106825283,1
356,0.39394764689519973,3.0344130687738007,1
357,0.2982767888039273,3.265382951901622,2
358,0.20260593071265484,3.4963528350294437,2
359,0.10693507262138241,3.7273227181572652,1
360,0.23096988312782168,-3.9043291419087276,0
361,0.4809698831278217,-3.9043291419087276,0
362,0.7119397662556434,-3.808658283817455,0
363,0.8887164615522802,-3.631881588520818,0
364,1.0654931568489172,-3.4551048932241812,0
365,0.9698222987576448,-3.2241350100963597,0
366,0.9698222987576448,-2.9741350100963597,0
367,0.8741514406663724,-2.743165126968538,1
368,0.8741514406663724,-2.493165126968538,1
369,0.8741514406663724,-2.3148560585441325,2
370,0.9587309562424655,-2.2302765429680393,2
371,1.0433104718185586,-2.1456970273919462,2
372,1.169394023248512,-2.019613475961993,3
373,1.2376299495749854,-1.8548773771835299,4
374,1.3637135010049388,-1.7287938257535764,5
375,1.5404901963015758,-1.5520171304569397,5
376,1.5404901963015758,-1.3020171304569397,5
377,1.6361610543928482,-1.071047247329118,5
378,1.8129377496894852,-0.8942705520324811,5
379,1.9086086077807576,-0.6633006689046594,5
380,1.9086086077807576,-0.41330066890465944,5
381,1.8129377496894852,-0.18233078577683776,5
382,1.7172668915982128,0.04863909735098393,5
383,1.6215960335069404,0.2796089804788056,5
384,1.3715960335069404,0.27960898047880567,5
385,1.275925175415668,0.5105788636066273,5
386,1.1802543173243956,0.741548746734449,5
387,1.0845834592331232,0.9725186298622708,5
388,0.9889126011418508,1.2034885129900925,5
389,0.8932417430505784,1.4344583961179143,5
390,0.797570884959306,1.665428279245736,4
391,0.7019000268680335,1.8963981623735577,3
392,0.6062291687767611,2.1273680455013793,3
393,0.5105583106854887,2.3583379286292008,2
394,0.41488745259421633,2.5893078117570223,1
395,0.31921659450294393,2.820277694884844,1
396,0.2235457364116715,3.0512475780126653,1
397,0.12787487832039907,3.282217461140487,0
398,0.032204020229126634,3.5131873442683084,0
399,0.03220402022912665,3.7631873442683084,1
400,-0.25,-4.0,0
401,-0.4809698831278217,-3.9043291419087276,0
402,-0.7119397662556434,-3.808658283817455,0
403,-0.8887164615522802,-3.631881588520818,0
404,-1.065493156848917,-3.4551048932241812,1
405,-1.242269852145554,-3.2783281979275443,1
406,-1.4732397352733757,-3.182657339836272,2
407,-1.6500164305700125,-3.005880644539635,2
408,-1.8267931258666494,-2.829103949242998,3
409,-2.057763008994471,-2.7334330911517255,3
410,-2.234539704291108,-2.5566563958550885,3
411,-2.3302105623823803,-2.325686512727267,3
412,-2.4258814204736527,-2.0947166295994455,3
413,-2.4258814204736527,-1.8447166295994455,3
414,-2.4258814204736527,-1.5947166295994455,3
415,-2.4258814204736527,-1.3447166295994455,3
416,-2.4258814204736527,-1.0947166295994455,3
417,-2.4258814204736527,-0.8447166295994455,3
418,-2.3302105623823803,-0.6137467464716237,4
419,-2.234539704291108,-0.38277686334380207,4
420,-2.1388688461998355,-0.15180698021598038,5
421,-2.043197988108563,0.0791629029118413,5
422,-1.8664212928119261,0.25593959820847817,4
423,-1.7707504347206537,0.48690948133629985,5
424,-1.6750795766293813,0.7178793644641215,5
425,-1.579408718538109,0.9488492475919432,5
426,-1.4837378604468365,1.179819130719765,5
427,-1.4837378604468365,1.429819130719765,4
428,-1.3069611651501996,1.606595826016402,4
429,-1.1301844698535626,1.783372521313039,4
430,-0.9534077745569257,1.960149216609676,4
431,-0.7766310792602888,2.136925911906313,4
432,-0.599854383963652,2.31370260720295,4
433,-0.5041835258723795,2.5446724903307714,4
434,-0.408512667781107,2.775642373458593,3
435,-0.408512667781107,3.025642373458593,0
436,-0.408512667781107,3.275642373458593,0
437,-0.408512667781107,3.525642373458593,0
438,-0.408512667781107,3.775642373458593,0
439,-0.23173597248447012,3.95241906875523,0
440,0.1767766952966369,-3.823223304703363,1
441,0.4077465784244586,-3.7275524466120906,1
442,0.6387164615522802,-3.631881588520818,1
443,0.869686344680102,-3.536210730429546,1
444,1.1006562278079237,-3.4405398723382734,1
445,1.3316261109357455,-3.344869014247001,1
446,1.5625959940635672,-3.2491981561557286,1
447,1.793565877191389,-3.153527298064456,1
448,1.970342572488026,-2.976750602767819,1
449,2.147119267784663,-2.7999739074711822,1
450,2.3780891509124844,-2.70430304937991,1
451,2.473760009003757,-2.4733331662520883,1
452,2.569430867095029,-2.242363283124267,0
453,2.6651017251863016,-2.0113933999964453,0
454,2.760772583277574,-1.7804235168686235,1
455,2.760772583277574,-1.5304235168686235,1
456,2.760772583277574,-1.2804235168686235,1
457,2.760772583277574,-1.0304235168686235,2
458,2.760772583277574,-0.7804235168686235,3
459,2.760772583277574,-0.5304235168686235,3
460,2.6651017251863016,-0.29945363374080186,3
461,2.569430867095029,-0.06848375061298018,4
462,2.473760009003757,0.1624861325148415,5
463,2.3780891509124844,0.3934560156426632,6
464,2.282418292821212,0.6244258987704849,6
465,2.1867474347299396,0.8553957818983067,6
466,2.0099707394333026,1.0321724771949436,6
467,1.8331940441366656,1.2089491724915806,6
468,1.6564173488400287,1.3857258677882176,6
469,1.4796406535433917,1.5625025630848546,5
470,1.3028639582467547,1.7392792583814916,4
471,1.1260872629501177,1.9160559536781285,4
472,0.9493105676534809,2.0928326489747655,4
473,0.772533872356844,2.2696093442714025,3
474,0.6768630142655716,2.500579227399224,2
475,0.5811921561742992,2.7315491105270455,2
476,0.4855212980830268,2.962518993654867,2
477,0.45330848606156643,2.962518993654867,2
478,0.4760863838830286,2.985296891476329,2
479,0.4760863838830286,2.985296891476329,2
480,0.3804155257917562,3.2162667746041507,2
481,0.2847446677004838,3.447236657731972,2
482,0.18907380960921136,3.6782065408597937,1
483,0.18907380960921139,3.9282065408597937,1
484,-0.2309698831278217,-4.095670858091273,1
485,-0.4619397662556434,-4.191341716182546,1
486,-0.6387164615522803,-4.368118411479182,2
487,-0.8887164615522803,-4.368118411479182,2
488,-1.119686344680102,-4.272447553387909,2
489,-1.3506562278079237,-4.1767766952966365,2
490,-1.5816261109357455,-4.081105837205364,2
491,-1.7584028062323824,-3.9043291419087267,2
492,-1.8540736643236548,-3.673359258780905,2
493,-1.9497445224149272,-3.4423893756530837,2
494,-2.0454153805061996,-3.211419492525262,2
495,-2.0454153805061996,-2.961419492525262,2
496,-2.0454153805061996,-2.711419492525262,2
497,-2.0454153805061996,-2.461419492525262,2
498,-1.9497445224149272,-2.2304496093974406,3
499,-1.9497445224149272,-1.9804496093974406,3
500,-1.9497445224149272,-1.7304496093974406,4
501,-2.0454153805061996,-1.499479726269619,4
502,-2.141086238597472,-1.2685098431417972,4
503,-2.141086238597472,-1.0185098431417972,3
504,-2.141086238597472,-0.7685098431417972,4
505,-2.0454153805061996,-0.5375399600139754,4
506,-1.9497445224149272,-0.30657007688615373,4
507,-1.8540736643236548,-0.07560019375833205,4
508,-1.6772969690270179,0.10117650153830482,4
509,-1.5816261109357455,0.3321463846661265,2
510,-1.485955252844473,0.5631162677939482,2
511,-1.3902843947532006,0.7940861509217698,2
512,-1.2946135366619282,1.0250560340495916,2
513,-1.1989426785706558,1.2560259171774133,2
514,-1.1032718204793834,1.486995800305235,1
515,-1.007600962388111,1.7179656834330568,1
516,-0.8308242670914742,1.8947423787296938,1
517,-0.6540475717948373,2.0715190740263307,2
518,-0.5583767137035649,2.3024889571541522,2
519,-0.46270585561229244,2.5334588402819738,2
520,-0.46270585561229244,2.7834588402819738,2
521,-0.46270585561229244,3.0334588402819738,2
522,-0.46270585561229244,3.2834588402819738,1
523,-0.46270585561229244,3.5334588402819738,1
524,-0.46270585561229244,3.7834588402819738,1
525,-0.2859291603156555,3.9602355355786107,1
526,-0.2309698831278217,-4.095670858091273,1
527,-0.48096988312782174,-4.095670858091273,1
528,-0.7309698831278217,-4.095670858091273,1
529,-0.9619397662556435,-4.0,0
530,-1.1929096493834652,-3.9043291419087276,0
531,-1.4429096493834652,-3.9043291419087276,0
532,-1.673879532511287,-3.808658283817455,0
533,-1.9048494156391087,-3.712987425726183,0
534,-2.0816261109357455,-3.536210730429546,0
535,-2.2584028062323824,-3.359434035132909,0
536,-2.4351795015290194,-3.182657339836272,0
537,-2.530850359620292,-2.9516874567084503,0
538,-2.530850359620292,-2.7016874567084503,0
539,-2.530850359620292,-2.4516874567084503,0
540,-2.530850359620292,-2.2016874567084503,1
541,-2.530850359620292,-1.9516874567084503,1
542,-2.530850359620292,-1.7016874567084503,2
543,-2.530850359620292,-1.4516874567084503,2
544,-2.530850359620292,-1.2016874567084503,2
545,-2.530850359620292,-0.9516874567084503,2
546,-2.530850359620292,-0.7016874567084503,2
547,-2.4351795015290194,-0.47071757358062866,3
548,-2.339508643437747,-0.23974769045280697,3
549,-2.2438377853464746,-0.008777807324985287,4
550,-2.148166927255202,0.2221920758028364,4
551,-1.9713902319585652,0.39896877109947326,3
552,-1.8757193738672928,0.6299386542272949,3
553,-1.7800485157760204,0.8609085373551166,2
554,-1.684377657684748,1.0918784204829384,2
555,-1.5887067995934756,1.3228483036107601,1
556,-1.4119301042968386,1.499624998907397,1
557,-1.2351534090002017,1.676401694204034,3
558,-1.0583767137035647,1.853178389500671,3
559,-0.8816000184069278,2.029955084797308,2
560,-0.704823323110291,2.206731780093945,2
561,-0.5280466278136541,2.383508475390582,2
562,-0.4323757697223816,2.6144783585184035,2
563,-0.33670491163110916,2.845448241646225,2
564,-0.33670491163110916,3.095448241646225,3
565,-0.33670491163110916,3.345448241646225,2
566,-0.33670491163110916,3.595448241646225,2
567,-0.2410340535398367,3.8264181247740465,2
568,-0.2309698831278217,-4.095670858091273,2
569,-0.4619397662556434,-4.191341716182546,2
570,-0.6387164615522803,-4.368118411479182,2
571,-0.869686344680102,-4.272447553387909,2
572,-1.1006562278079237,-4.1767766952966365,2
573,-1.3316261109357455,-4.081105837205364,2
574,-1.5625959940635672,-3.9854349791140913,2
575,-1.793565877191389,-3.889764121022819,2
576,-1.970342572488026,-3.712987425726182,2
577,-2.147119267784663,-3.536210730429545,2
578,-2.2427901258759353,-3.3052408473017234,2
579,-2.3384609839672077,-3.074270964173902,1
580,-2.43413184205848,-2.8433010810460804,1
581,-2.43413184205848,-2.5933010810460804,1
582,-2.43413184205848,-2.3433010810460804,1
583,-2.43413184205848,-2.0933010810460804,2
584,-2.43413184205848,-1.8433010810460804,2
585,-2.43413184205848,-1.5933010810460804,3
586,-2.43413184205848,-1.3433010810460804,3
587,-2.5298027001497525,-1.1123311979182586,3
588,-2.625473558241025,-0.8813613147904369,3
589,-2.7211444163322973,-0.6503914316626151,2
590,-2.8168152744235697,-0.41942154853479346,2
591,-2.8168152744235697,-0.24111248011038766,3
592,-2.912486132514842,-0.4720823632382093,3
593,-2.8168152744235697,-0.2411124801103876,3
594,-2.7211444163322973,-0.010142596982565921,3
595,-2.625473558241025,0.22082728614525576,3
596,-2.7211444163322973,-0.010142596982565866,2
597,-2.7669185203143334,-0.12065105962147378,2
598,-2.7669185203143334,-0.19220868909404096,2
599,-2.7669185203143334,-0.19220868909404096,0
600,-2.671247662223061,0.03876119403378073,0
601,-2.5755768041317886,0.2697310771616024,0
602,-2.479905946040516,0.5007009602894241,0
603,-2.3842350879492438,0.7316708434172459,0
604,-2.207458392652607,0.9084475387138827,0
605,-2.03068169735597,1.0852242340105196,0
606,-1.8539050020593328,1.2620009293071566,0
607,-1.6771283067626959,1.4387776246037935,1
608,-1.5814574486714235,1.6697475077316153,1
609,-1.6771283067626959,1.900717390859437,1
610,-1.7727991648539683,2.1316872739872585,2
611,-1.7727991648539683,2.3816872739872585,2
612,-1.7727991648539683,2.6316872739872585,2
613,-1.5418292817261465,2.727358132078531,3
614,-1.3650525864295096,2.904134827375168,3
615,-1.1882758911328726,3.080911522671805,3
616,-1.0114991958362358,2.904134827375168,4
617,-0.834722500539599,2.727358132078531,4
618,-0.6579458052429621,2.904134827375168,4
619,-0.4811691099463252,3.080911522671805,2
620,-0.30439241464968836,3.257688217968442,2
621,-0.12761571935305152,3.080911522671805,2
622,0.04916097594358537,3.257688217968442,2
623,0.2259376712402222,3.080911522671805,2
624,0.404246739664628,3.080911522671805,2
625,0.3085758815733556,3.3118814057996264,1
626,0.21290502348208315,3.542851288927448,1
627,0.11723416539081072,3.7738211720552695,1
628,-0.25,-4.0,0
629,-0.4809698831278217,-3.9043291419087276,0
630,-0.7119397662556434,-3.808658283817455,1
631,-0.8076106243469158,-3.5776884006896337,1
632,-0.9843873196435526,-3.4009117053929967,1
633,-1.1611640149401894,-3.2241350100963597,1
634,-1.3921338980680111,-3.1284641520050873,1
635,-1.6231037811958329,-3.032793293913815,1
636,-1.8540736643236546,-2.9371224358225425,1
637,-2.0850435474514764,-2.84145157773127,1
638,-2.2618202427481133,-2.664674882434633,1
639,-2.3574911008393857,-2.4337049993068116,0
640,-2.453161958930658,-2.20273511617899,0
641,-2.5488328170219305,-1.9717652330511684,1
642,-2.5488328170219305,-1.7217652330511684,2
643,-2.5488328170219305,-1.4717652330511684,2
644,-2.5488328170219305,-1.2217652330511684,1
645,-2.5488328170219305,-0.9717652330511684,1
646,-2.5488328170219305,-0.7217652330511684,0
647,-2.5488328170219305,-0.47176523305116835,1
648,-2.5488328170219305,-0.29345616462676255,2
649,-2.5488328170219305,-0.11514709620235675,2
650,-2.453161958930658,0.11582278692546494,3
651,-2.3574911008393857,0.3467926700532866,3
652,-2.1807144055427488,0.5235693653499235,3
653,-2.003937710246112,0.7003460606465604,3
654,-1.8271610149494748,0.8771227559431972,4
655,-1.7314901568582024,1.1080926390710188,4
656,-1.5547134615615654,1.2848693343676558,4
657,-1.3779367662649284,1.4616460296642928,3
658,-1.2011600709682915,1.6384227249609298,2
659,-1.0243833756716545,1.8151994202575668,2
660,-0.8476066803750176,1.9919761155542037,2
661,-0.6708299850783808,2.1687528108508407,2
662,-0.5751591269871084,2.3997226939786622,1
663,-0.4794882688958359,2.6306925771064837,1
664,-0.38381741080456344,2.8616624602343053,1
665,-0.288146552713291,3.092632343362127,1
666,-0.19247569462201852,3.3236022264899483,2
667,-0.01569899932538163,3.5003789217865853,1
668,-0.015698999325381616,3.7503789217865853,1
669,0.1767766952966369,-3.823223304703363,0
670,0.4077465784244586,-3.7275524466120906,0
671,0.6387164615522802,-3.631881588520818,0
672,0.8154931568489171,-3.4551048932241812,0
673,1.0464630399767387,-3.359434035132909,0
674,1.2232397352733757,-3.182657339836272,0
675,1.4542096184011974,-3.0869864817449995,1
676,1.6309863136978344,-2.9102097864483625,1
677,1.8077630089944714,-2.7334330911517255,1
678,1.9845397042911084,-2.5566563958550885,1
679,1.888868846199836,-2.325686512727267,1
680,1.7931979881085636,-2.0947166295994455,1
681,1.7931979881085636,-1.8447166295994455,2
682,1.888868846199836,-1.6137467464716237,2
683,1.888868846199836,-1.3637467464716237,4
684,1.888868846199836,-1.1137467464716237,4
685,1.9845397042911084,-0.882776863343802,4
686,2.080210562382381,-0.6518069802159803,4
687,2.080210562382381,-0.40180698021598027,4
688,2.175881420473653,-0.17083709708815858,4
689,2.080210562382381,0.0601327860396631,3
690,2.080210562382381,0.3101327860396631,3
691,2.175881420473653,0.5411026691674847,3
692,2.2715522785649256,0.7720725522953065,3
693,2.2715522785649256,1.0220725522953065,3
694,2.367223136656198,1.2530424354231282,3
695,2.367223136656198,1.5030424354231282,3
696,2.190446441359561,1.6798191307197652,2
697,2.013669746062924,1.8565958260164022,3
698,1.9179988879716516,2.087565709144224,3
699,1.7412221926750147,2.264342404440861,3
700,1.7412221926750147,2.4426514728652666,3
701,1.5644454973783777,2.6194281681619036,0
702,-0.2309698831278217,-4.095670858091273,0
703,-0.4619397662556434,-4.191341716182546,1
704,-0.6929096493834651,-4.2870125742738185,1
705,-0.9238795325112867,-4.191341716182546,1
706,-1.1548494156391085,-4.095670858091273,1
707,-1.4048494156391085,-4.095670858091273,1
708,-1.6358192987669302,-4.0,1
709,-1.866789181894752,-3.9043291419087276,1
710,-2.0977590650225735,-3.808658283817455,1
711,-2.2745357603192105,-3.631881588520818,1
712,-2.370206618410483,-3.4009117053929967,1
713,-2.370206618410483,-3.1509117053929967,1
714,-2.370206618410483,-2.9009117053929967,1
715,-2.4658774765017553,-2.669941822265175,1
716,-2.5615483345930277,-2.4389719391373537,2
717,-2.5615483345930277,-2.1889719391373537,2
718,-2.5615483345930277,-1.9389719391373537,2
719,-2.5615483345930277,-1.6889719391373537,3
720,-2.5615483345930277,-1.4389719391373537,3
721,-2.5615483345930277,-1.1889719391373537,2
722,-2.5615483345930277,-0.9389719391373537,3
723,-2.5615483345930277,-0.6889719391373537,3
724,-2.5615483345930277,-0.43897193913735366,3
725,-2.4658774765017553,-0.20800205600953198,4
726,-2.4658774765017553,0.04199794399046802,4
727,-2.370206618410483,0.2729678271182897,3
728,-2.2745357603192105,0.5039377102461113,3
729,-2.178864902227938,0.7349075933739331,3
730,-2.0831940441366656,0.9658774765017548,3
731,-1.9064173488400287,1.1426541717983918,5
732,-1.9064173488400287,1.3926541717983918,5
733,-1.7296406535433917,1.5694308670950288,5
734,-1.49867077041557,1.6651017251863012,4
735,-1.2677008872877482,1.7607725832775736,4
736,-1.0909241919911112,1.9375492785742106,5
737,-0.8599543088632895,2.033220136665483,4
738,-0.6831776135666526,2.20999683196212,3
739,-0.5064009182700158,2.386773527258757,2
740,-0.4107300601787433,2.6177434103865784,2
741,-0.31505920208747085,2.8487132935144,2
742,-0.5650592020874708,2.8487132935144,1
743,-0.5650592020874708,3.0987132935144,1
744,-0.4693883439961984,3.3296831766422215,1
745,-0.37371748590492593,3.560653059770043,1
746,-0.37371748590492593,3.810653059770043,1
747,-0.27804662781365347,4.041622942897865,2
748,-0.2309698831278217,-4.095670858091273,2
749,-0.4619397662556434,-4.191341716182546,2
750,-0.6929096493834651,-4.2870125742738185,2
751,-0.9238795325112867,-4.191341716182546,3
752,-1.1548494156391085,-4.095670858091273,3
753,-1.3858192987669302,-4.0,2
754,-1.616789181894752,-3.9043291419087276,2
755,-1.7124600399860244,-3.673359258780906,2
756,-1.8892367352826613,-3.496582563484269,2
757,-2.0660134305792983,-3.319805868187632,1
758,-2.2427901258759353,-3.143029172890995,1
759,-2.3384609839672077,-2.9120592897631736,1
760,-2.43413184205848,-2.681089406635352,1
761,-2.5298027001497525,-2.4501195235075306,2
762,-2.5298027001497525,-2.2001195235075306,2
763,-2.5298027001497525,-1.9501195235075306,2
764,-2.5298027001497525,-1.7001195235075306,2
765,-2.5298027001497525,-1.4501195235075306,2
766,-2.5298027001497525,-1.2001195235075306,2
767,-2.5298027001497525,-0.9501195235075306,4
768,-2.5298027001497525,-0.7001195235075306,5
769,-2.5298027001497525,-0.4501195235075306,5
770,-2.625473558241025,-0.2191496403797089,5
771,-2.448696862944388,-0.042372945083072044,6
772,-2.5443677210356603,0.18859693804474964,6
773,-2.448696862944388,0.4195668211725713,6
774,-2.3530260048531155,0.650536704300393,6
775,-2.257355146761843,0.8815065874282146,5
776,-2.080578451465206,1.0582832827248514,5
777,-1.9038017561685692,1.2350599780214884,5
778,-1.6728318730407474,1.3307308361127608,4
779,-1.4960551777441105,1.5075075314093977,3
780,-1.3192784824474735,1.6842842267060347,3
781,-1.1425017871508365,1.8610609220026717,2
782,-0.9115319040230148,1.956731780093944,1
783,-0.680562020895193,2.0524026381852165,1
784,-0.6123260945687198,2.2171387369636797,1
785,-0.5440901682422465,2.381874835742143,0
786,-0.5440901682422465,2.631874835742143,0
787,-0.4484193101509741,2.8628447188699644,0
788,-0.6793891932787958,2.958515576961237,0
789,-0.5837183351875233,3.1894854600890583,0
790,-0.4880474770962508,3.42045534321688,0
791,-0.4880474770962508,3.67045534321688,0
792,-0.4880474770962508,3.92045534321688,0
793,-0.2570775939684291,4.016126201308152,0
794,-0.25,-4.0,0
795,-0.5,-4.0,0
796,-0.75,-4.0,0
797,-0.9267766952966369,-3.823223304703363,0
798,-1.1577465784244585,-3.7275524466120906,0
799,-1.3345232737210955,-3.5507757513154536,0
800,-1.5112999690177324,-3.3739990560188167,1
801,-1.7422698521455542,-3.2783281979275443,1
802,-1.973239735273376,-3.182657339836272,1
803,-2.150016430570013,-3.005880644539635,1
804,-2.32679312586665,-2.829103949242998,1
805,-2.503569821163287,-2.652327253946361,1
806,-2.5992406792545593,-2.4213573708185394,1
807,-2.6949115373458317,-2.190387487690718,2
808,-2.6949115373458317,-1.940387487690718,2
809,-2.6949115373458317,-1.690387487690718,2
810,-2.6949115373458317,-1.440387487690718,3
811,-2.6949115373458317,-1.190387487690718,4
812,-2.6949115373458317,-0.9403874876907179,4
813,-2.6949115373458317,-0.6903874876907179,4
814,-2.5992406792545593,-0.4594176045628962,5
815,-2.5992406792545593,-0.2811085361384904,5
816,-2.503569821163287,-0.05013865301066872,4
817,-2.4078989630720145,0.18083123011715296,4
818,-2.312228104980742,0.41180111324497465,5
819,-2.2165572468894696,0.6427709963727963,5
820,-2.0397805515928327,0.8195476916694332,5
821,-1.9715446252663593,0.9842837904478963,5
822,-1.9715446252663593,1.2342837904478963,5
823,-1.7947679299697223,1.411060485744533,4
824,-1.6179912346730854,1.58783718104117,4
825,-1.3870213515452636,1.6835080391324424,2
826,-1.2102446562486266,1.8602847344290794,2
827,-1.0334679609519897,2.0370614297257164,2
828,-0.8551588925275839,2.0370614297257164,2
829,-0.6241890093997622,2.1327322878169888,2
830,-0.5285181513084898,2.3637021709448103,1
831,-0.4328472932172173,2.594672054072632,1
832,-0.33717643512594486,2.8256419372004533,1
833,-0.2415055770346724,3.056611820328275,0
834,-0.4724754601624941,2.9609409622370024,0
835,-0.4724754601624941,3.2109409622370024,0
836,-0.4724754601624941,3.389250030661408,0
837,-0.4724754601624941,3.639250030661408,0
838,-0.4724754601624941,3.889250030661408,0
839,-0.2415055770346724,3.9849208887526806,0
840,0.23096988312782168,-3.9043291419087276,0
841,0.4809698831278217,-3.9043291419087276,1
842,0.7309698831278217,-3.9043291419087276,1
843,0.9619397662556435,-3.808658283817455,1
844,1.1387164615522805,-3.631881588520818,1
845,1.3154931568489174,-3.4551048932241812,1
846,1.4922698521455544,-3.2783281979275443,1
847,1.7232397352733761,-3.182657339836272,1
848,1.9000164305700131,-3.005880644539635,1
849,2.07679312586665,-2.829103949242998,1
850,2.253569821163287,-2.652327253946361,2
851,2.430346516459924,-2.475550558649724,2
852,2.3346756583686514,-2.2445806755219024,2
853,2.239004800277379,-2.013610792394081,3
854,2.1433339421861066,-1.7826409092662592,5
855,2.047663084094834,-1.5516710261384374,5
856,2.047663084094834,-1.3016710261384374,5
857,2.1433339421861066,-1.0707011430106157,5
858,2.239004800277379,-0.839731259882794,5
859,2.3346756583686514,-0.6087613767549722,5
860,2.430346516459924,-0.37779149362715053,5
861,2.430346516459924,-0.12779149362715053,4
862,2.3346756583686514,0.10317838950067115,3
863,2.239004800277379,0.33414827262849284,4
864,2.1433339421861066,0.5651181557563145,4
865,2.047663084094834,0.7960880388841363,4
866,1.9519922260035618,1.027057922011958,4
867,1.7752155307069248,1.203834617308595,4
868,1.6795446726156524,1.4348045004364167,4
869,1.58387381452438,1.6657743835642385,2
870,1.407097119227743,1.8425510788608754,2
871,1.230320423931106,2.0193277741575124,3
872,1.053543728634469,2.1961044694541494,2
873,0.8767670333378322,2.3728811647507864,2
874,0.6999903380411954,2.5496578600474233,2
875,0.5232136427445585,2.7264345553440603,2
876,0.4275427846532861,2.957404438471882,2
877,0.3318719265620137,3.1883743215997034,1
878,0.23620106847074127,3.419344204727525,1
879,0.14053021037946883,3.6503140878553464,1
880,0.14053021037946886,3.9003140878553464,1
881,-0.23096988312782168,-3.9043291419087276,0
882,-0.46193976625564337,-3.808658283817455,0
883,-0.6387164615522802,-3.631881588520818,0
884,-0.7343873196435526,-3.4009117053929967,0
885,-0.9111640149401895,-3.2241350100963597,0
886,-1.006834873031462,-2.993165126968538,0
887,-1.1025057311227344,-2.7621952438407167,0
888,-1.2792824264193712,-2.5854185485440797,0
889,-1.3749532845106436,-2.354448665416258,2
890,-1.470624142601916,-2.1234787822884367,2
891,-1.5662950006931884,-1.892508899160615,3
892,-1.6619658587844608,-1.6615390160327932,3
893,-1.7576367168757332,-1.4305691329049715,3
894,-1.8533075749670056,-1.1995992497771497,4
895,-1.948978433058278,-0.968629366649328,4
896,-1.948978433058278,-0.718629366649328,4
897,-1.948978433058278,-0.46862936664932797,4
898,-1.8533075749670056,-0.2376594835215063,2
899,-1.7576367168757332,-0.006689600393684603,3
900,-1.7576367168757332,0.1716194680307212,3
901,-1.6619658587844608,0.4025893511585429,3
902,-1.5662950006931884,0.6335592342863645,1
903,-1.470624142601916,0.8645291174141863,1
904,-1.3749532845106436,1.095499000542008,1
905,-1.2792824264193712,1.3264688836698297,1
906,-1.1836115683280988,1.5574387667976515,1
907,-1.0068348730314618,1.7342154620942885,1
908,-0.8300581777348249,1.9109921573909254,1
909,-0.6532814824381881,2.0877688526875624,1
910,-0.5576106243469157,2.318738735815384,2
911,-0.4619397662556432,2.5497086189432054,2
912,-0.4619397662556432,2.7997086189432054,1
913,-0.4619397662556432,3.0497086189432054,0
914,-0.4619397662556432,3.2997086189432054,0
915,-0.4619397662556432,3.5497086189432054,0
916,-0.4619397662556432,3.7997086189432054,0
917,-0.2851630709590063,3.9764853142398424,0
918,0.25,-4.0,2
919,0.5,-4.0,1
920,0.7309698831278217,-3.9043291419087276,1
921,0.9619397662556435,-3.808658283817455,2
922,1.1929096493834652,-3.712987425726183,2
923,1.3696863446801022,-3.536210730429546,1
924,1.600656227807924,-3.4405398723382734,1
925,1.8316261109357457,-3.344869014247001,1
926,2.0625959940635674,-3.2491981561557286,1
927,2.293565877191389,-3.153527298064456,0
928,2.5245357603192105,-3.057856439973184,0
929,2.755505643447032,-2.9621855818819114,0
930,2.932282338743669,-2.7854088865852744,0
931,3.0279531968349414,-2.554439003457453,0
932,3.1236240549262138,-2.3234691203296314,0
933,3.1236240549262138,-2.0734691203296314,1
934,3.1236240549262138,-1.8234691203296314,1
935,3.0279531968349414,-1.5924992372018096,1
936,2.932282338743669,-1.361529354073988,2
937,2.8366114806523965,-1.1305594709461662,2
938,2.740940622561124,-0.8995895878183444,4
939,2.740940622561124,-0.6495895878183444,4
940,2.6452697644698517,-0.41861970469052273,5
941,2.5495989063785793,-0.18764982156270105,5
942,2.453928048287307,0.04332006156512064,6
943,2.3582571901960345,0.2742899446929423,6
944,2.262586332104762,0.5052598278207641,6
945,2.1669154740134897,0.7362297109485858,6
946,2.0712446159222173,0.9671995940764075,6
947,2.0712446159222173,1.1455086625008133,6
948,2.0712446159222173,1.3955086625008133,4
949,1.8944679206255803,1.5722853577974503,4
950,1.6444679206255803,1.5722853577974503,4
951,1.4676912253289434,1.7490620530940872,3
952,1.2909145300323064,1.9258387483907242,4
953,1.0599446469044846,1.8301678902994518,4
954,0.9917087205780114,1.994903989077915,4
955,0.9917087205780114,2.244903989077915,3
956,0.9917087205780114,2.494903989077915,3
957,0.8133996521536055,2.494903989077915,3
958,0.8133996521536055,2.744903989077915,3
959,0.6366229568569687,2.921680684374552,3
960,0.405653073729147,3.0173515424658244,2
961,0.30998221563787454,3.248321425593646,0
962,0.2143113575466021,3.4792913087214674,0
963,0.11864049945532967,3.710261191849289,0
964,0.11864049945532969,3.960261191849289,1
965,-0.25,-4.0,0
966,-0.5,-4.0,0
967,-0.75,-4.0,1
968,-0.9809698831278217,-3.9043291419087276,1
969,-1.2119397662556435,-3.808658283817455,0
970,-1.4619397662556435,-3.808658283817455,0
971,-1.6387164615522805,-3.631881588520818,0
972,-1.8696863446801022,-3.536210730429546,0
973,-2.046463039976739,-3.359434035132909,0
974,-2.223239735273376,-3.182657339836272,0
975,-2.400016430570013,-3.005880644539635,1
976,-2.4956872886612853,-2.7749107614118134,1
977,-2.5913581467525577,-2.543940878283992,1
978,-2.68702900484383,-2.3129709951561703,1
979,-2.7826998629351025,-2.082001112028349,1
980,-2.7826998629351025,-1.8320011120283488,1
981,-2.7826998629351025,-1.5820011120283488,2
982,-2.7826998629351025,-1.3320011120283488,2
983,-2.7826998629351025,-1.0820011120283488,2
984,-2.7826998629351025,-0.8320011120283488,2
985,-2.7826998629351025,-0.6536920436039431,3
986,-2.7826998629351025,-0.47538297517953726,3
987,-2.7826998629351025,-0.29707390675513146,3
988,-2.7826998629351025,-0.11876483833072565,3
989,-2.68702900484383,0.11220504479709603,3
990,-2.5913581467525577,0.3431749279249177,3
991,-2.5231222204260844,0.5079110267033808,2
992,-2.454886294099611,0.6726471254818439,2
993,-2.3866503677731377,0.837383224260307,3
994,-2.3184144414466643,1.00211932303877,3
995,-2.1416377461500273,1.178896018335407,4
996,-1.9648610508533904,1.355672713632044,4
997,-1.7880843555567534,1.5324494089286809,3
998,-1.6113076602601164,1.7092261042253178,2
999,-1.3803377771322947,1.8048969623165902,2
1000,-1.2035610818356577,1.9816736576132272,1
1001,-0.972591198707836,2.0773445157044996,2
1002,-0.7416213155800142,2.173015373795772,2
1003,-0.5648446202833773,2.349792069092409,1
1004,-0.4691737621921049,2.5807619522202305,1
1005,-0.3735029041008324,2.811731835348052,0
1006,-0.27783204600955996,3.0427017184758736,0
1007,-0.10105535071292307,3.2194784137725105,0
1008,0.07572134458371382,3.3962551090691475,0
1009,-0.01994951350755861,3.627224992196969,0
1010,-0.019949513507558594,3.877224992196969,0
1011,-0.2309698831278217,-4.095670858091273,2
1012,-0.4619397662556434,-4.191341716182546,2
1013,-0.6387164615522803,-4.368118411479182,3
1014,-0.869686344680102,-4.272447553387909,3
1015,-1.046463039976739,-4.095670858091273,3
1016,-1.2774329231045607,-4.0,3
1017,-1.5084028062323824,-3.9043291419087276,3
1018,-1.6040736643236548,-3.673359258780906,3
1019,-1.7808503596202918,-3.496582563484269,3
1020,-1.9576270549169288,-3.319805868187632,3
1021,-2.1344037502135658,-3.143029172890995,3
1022,-2.3111804455102027,-2.966252477594358,2
1023,-2.406851303601475,-2.7352825944665367,2
1024,-2.406851303601475,-2.4852825944665367,1
1025,-2.406851303601475,-2.2352825944665367,1
1026,-2.406851303601475,-1.9852825944665367,2
1027,-2.3111804455102027,-1.754312711338715,2
1028,-2.3111804455102027,-1.504312711338715,3
1029,-2.3111804455102027,-1.254312711338715,4
1030,-2.406851303601475,-1.0233428282108932,5
1031,-2.5025221616927475,-0.7923729450830714,5
1032,-2.59819301978402,-0.5614030619552497,5
1033,-2.6938638778752924,-0.330433178827428,5
1034,-2.7895347359665648,-0.09946329569960632,5
1035,-2.6938638778752924,0.13150658742821536,5
1036,-2.59819301978402,0.36247647055603704,4
1037,-2.59819301978402,0.18416740213163124,4
1038,-2.643967123766056,0.07365893949272333,4
1039,-2.666745021587518,0.050881041671261146,3
1040,-2.666745021587518,0.050881041671261146,2
1041,-2.6544177121170143,0.08064179938252193,1
1042,-2.586181785790541,0.245377898160985,0
1043,-2.4905109276992685,0.47634778128880667,1
1044,-2.422275001372795,0.6410838800672698,1
1045,-2.422275001372795,0.8910838800672698,1
1046,-2.354039075046322,1.055819978845733,1
1047,-2.354039075046322,1.305819978845733,1
1048,-2.354039075046322,1.555819978845733,1
1049,-2.354039075046322,1.7341290472701387,1
1050,-2.2583682169550494,1.9650989303979605,1
1051,-2.162697358863777,2.196068813525782,1
1052,-2.0670265007725046,2.4270386966536037,1
1053,-1.8360566176446829,2.522709554744876,0
1054,-1.6050867345168611,2.6183804128361485,0
1055,-1.3741168513890394,2.714051270927421,1
1056,-1.1431469682612176,2.8097221290186933,1
1057,-0.9663702729645808,2.9864988243153303,1
1058,-0.7895935776679439,3.1632755196119673,1
1059,-0.612816882371307,3.3400522149086043,1
1060,-0.4360401870746702,3.5168289102052412,1
1061,-0.3403693289833977,3.7477987933330628,1
1062,-0.24469847089212526,3.9787686764608843,0
1063,-0.25,-4.0,1
1064,-0.5,-4.0,1
1065,-0.7309698831278217,-4.095670858091273,1
1066,-0.9619397662556435,-4.0,1
1067,-1.1929096493834652,-3.9043291419087276,1
1068,-1.4429096493834652,-3.9043291419087276,1
1069,-1.673879532511287,-3.808658283817455,1
1070,-1.850656227807924,-3.631881588520818,1
1071,-2.0816261109357455,-3.536210730429546,1
1072,-2.2584028062323824,-3.359434035132909,1
1073,-2.4351795015290194,-3.182657339836272,2
1074,-2.530850359620292,-2.9516874567084503,2
1075,-2.626521217711564,-2.720717573580629,2
1076,-2.7221920758028366,-2.4897476904528073,1
1077,-2.817862933894109,-2.258777807324986,1
1078,-2.817862933894109,-2.008777807324986,1
1079,-2.817862933894109,-1.7587778073249858,1
1080,-2.817862933894109,-1.5087778073249858,0
1081,-2.817862933894109,-1.2587778073249858,0
1082,-2.817862933894109,-1.0087778073249858,0
1083,-2.817862933894109,-0.83046873890058,0
1084,-2.817862933894109,-0.6521596704761743,1
1085,-2.817862933894109,-0.4738506020517685,1
1086,-2.817862933894109,-0.2955415336273627,1
1087,-2.7221920758028366,-0.064571650499541,1
1088,-2.626521217711564,0.16639823262828068,3
1089,-2.530850359620292,0.39736811575610237,3
1090,-2.4351795015290194,0.628337998883924,4
1091,-2.339508643437747,0.8593078820117457,4
1092,-2.16273194814111,1.0360845773083827,3
1093,-1.985955252844473,1.2128612726050196,2
1094,-1.7549853697166513,1.308532130696292,3
1095,-1.5782086744200143,1.485308825992929,2
1096,-1.4014319791233774,1.662085521289566,1
1097,-1.2246552838267404,1.838862216586203,1
1098,-0.9936854006989186,1.9345330746774754,2
1099,-0.7627155175710969,2.0302039327687478,1
1100,-0.58593882227446,2.2069806280653848,2
1101,-0.4902679641831876,2.4379505111932063,2
1102,-0.4902679641831876,2.6879505111932063,3
1103,-0.4902679641831876,2.9379505111932063,2
1104,-0.4902679641831876,3.1879505111932063,2
1105,-0.4902679641831876,3.4379505111932063,2
1106,-0.5585038905096609,3.6026866099716695,2
1107,-0.5585038905096609,3.8526866099716695,1
1108,-0.4628330324183884,4.083656493099491,0
1109,-0.2980969336399254,4.015420566773018,0
1110,-0.25,-4.0,0
1111,-0.5,-4.0,0
1112,-0.7309698831278217,-4.095670858091273,0
1113,-0.9619397662556435,-4.0,0
1114,-1.1929096493834652,-3.9043291419087276,1
1115,-1.4429096493834652,-3.9043291419087276,1
1116,-1.673879532511287,-3.808658283817455,1
1117,-1.850656227807924,-3.631881588520818,2
1118,-2.0816261109357455,-3.536210730429546,2
1119,-2.2584028062323824,-3.359434035132909,2
1120,-2.4351795015290194,-3.182657339836272,2
1121,-2.6119561968256564,-3.005880644539635,2
1122,-2.707627054916929,-2.7749107614118134,1
1123,-2.803297913008201,-2.543940878283992,1
1124,-2.8989687710994736,-2.3129709951561703,1
1125,-2.8989687710994736,-2.0629709951561703,2
1126,-2.8989687710994736,-1.8129709951561703,2
1127,-2.8989687710994736,-1.5629709951561703,2
1128,-2.8989687710994736,-1.3129709951561703,3
1129,-2.8989687710994736,-1.0629709951561703,2
1130,-2.8989687710994736,-0.8846619267317646,2
1131,-2.8989687710994736,-0.7063528583073588,2
1132,-2.8989687710994736,-0.5280437898829531,2
1133,-2.803297913008201,-0.2970739067551314,2
1134,-2.707627054916929,-0.06610402362730972,2
1135,-2.6119561968256564,0.16486585950051197,1
1136,-2.516285338734384,0.39583574262833365,1
1137,-2.4206144806431116,0.6268056257561554,2
1138,-2.2438377853464746,0.8035823210527923,2
1139,-2.0670610900498376,0.9803590163494291,1
1140,-1.8902843947532006,1.1571357116460659,1
1141,-1.7135076994565637,1.3339124069427029,0
1142,-1.5367310041599267,1.5106891022393398,0
1143,-1.305761121032105,1.6063599603306122,0
1144,-1.2100902629408326,1.837329843458434,0
1145,-1.0333135676441956,2.0141065387550707,0
1146,-0.8565368723475587,2.1908832340517077,0
1147,-0.6255669892197371,2.28655409214298,0
1148,-0.4487902939231002,2.463330787439617,1
1149,-0.35311943583182775,2.6943006705674386,1
1150,-0.2574485777405553,2.92527055369526,1
1151,-0.2574485777405553,3.17527055369526,1
1152,-0.16177771964928284,3.4062404368230816,1
1153,-0.06610686155801038,3.637210319950903,1
1154,-0.06610686155801036,3.887210319950903,0
1155,0.23096988312782168,-3.9043291419087276,0
1156,0.4809698831278217,-3.9043291419087276,0
1157,0.7309698831278217,-3.9043291419087276,0
1158,0.9809698831278217,-3.9043291419087276,0
1159,1.1577465784244587,-3.7275524466120906,0
1160,1.3345232737210957,-3.5507757513154536,0
1161,1.5654931568489174,-3.4551048932241812,0
1162,1.7964630399767392,-3.359434035132909,0
1163,2.027432923104561,-3.2637631770416364,0
1164,2.2584028062323824,-3.168092318950364,0
1165,2.489372689360204,-3.0724214608590916,0
1166,2.666149384656841,-2.8956447655624546,0
1167,2.842926079953478,-2.7188680702658177,0
1168,2.7472552218622055,-2.487898187137996,0
1169,2.651584363770933,-2.2569283040101746,1
1170,2.5559135056796607,-2.025958420882353,1
1171,2.4602426475883883,-1.7949885377545314,1
1172,2.364571789497116,-1.5640186546267096,2
1173,2.2689009314058435,-1.333048771498888,2
1174,2.2689009314058435,-1.083048771498888,3
1175,2.364571789497116,-0.8520788883710662,3
1176,2.364571789497116,-0.6020788883710662,4
1177,2.364571789497116,-0.35207888837106616,6
1178,2.364571789497116,-0.10207888837106616,6
1179,2.364571789497116,0.14792111162893384,6
1180,2.364571789497116,0.39792111162893384,6
1181,2.2689009314058435,0.6288909947567556,6
1182,2.173230073314571,0.8598608778845773,5
1183,2.0775592152232987,1.090830761012399,3
1184,1.9818883571320263,1.3218006441402208,3
1185,1.8862174990407539,1.5527705272680425,3
1186,1.8862174990407539,1.8027705272680425,2
1187,1.7905466409494815,2.0337404103958643,2
1188,1.6137699456528445,2.2105171056925013,2
1189,1.4369932503562075,2.3872938009891382,2
1190,1.2602165550595705,2.564070496285775,3
1191,1.0834398597629336,2.740847191582412,2
1192,0.9066631644662967,2.917623886879049,2
1193,0.7298864691696598,3.094400582175686,1
1194,0.553109773873023,3.271177277472323,1
1195,0.3763330785763861,3.44795397276896,1
1196,0.1453631954485644,3.5436248308602325,1
1197,0.04969233735729198,3.774594713988054,0
1198,0.23096988312782168,-3.9043291419087276,1
1199,0.4809698831278217,-3.9043291419087276,1
1200,0.7119397662556434,-3.808658283817455,1
1201,0.8887164615522802,-3.631881588520818,0
1202,0.9843873196435526,-3.4009117053929967,0
1203,1.080058177734825,-3.169941822265175,0
1204,1.1757290358260974,-2.9389719391373537,1
1205,1.1757290358260974,-2.6889719391373537,1
1206,1.2713998939173698,-2.458002056009532,1
1207,1.094623198620733,-2.281225360712895,1
1208,1.048849094638697,-2.1707168980739873,1
1209,0.9827384653739658,-2.1433329788155158,1
1210,0.9505256533525054,-2.1433329788155158,1
1211,0.7737489580558685,-1.9665562835188788,2
1212,0.9505256533525054,-2.1433329788155158,3
1213,1.0610341159914134,-2.0975588748334797,3
1214,1.1456136315675065,-2.0129793592573866,3
1215,1.2138495578939799,-1.8482432604789234,3
1216,1.3906262531906168,-1.6714665651822864,3
1217,1.3906262531906168,-1.4214665651822864,2
1218,1.4862971112818892,-1.1904966820544647,2
1219,1.5819679693731616,-0.9595267989266429,2
1220,1.7587446646697986,-0.7827501036300061,3
1221,1.9355213599664356,-0.6059734083333692,3
1222,1.9355213599664356,-0.3559734083333692,3
1223,1.8398505018751632,-0.12500352520554753,3
1224,1.6630738065785264,0.051773170091089366,3
1225,1.4862971112818895,0.22854986538772626,3
1226,1.3095204159852525,0.4053265606843631,3
1227,1.21384955789398,0.6362964438121848,3
1228,1.1181786998027077,0.8672663269400065,3
1229,1.0225078417114353,1.0982362100678282,4
1230,0.9268369836201629,1.32920609319565,4
1231,0.8311661255288905,1.5601759763234717,4
1232,0.7354952674376181,1.7911458594512935,3
1233,0.6398244093463457,2.022115742579115,1
1234,0.5441535512550733,2.2530856257069365,1
1235,0.44848269316380085,2.484055508834758,1
1236,0.35281183507252845,2.7150253919625795,2
1237,0.18807573629406535,2.646789465636106,2
1238,0.023339637515602252,2.578553539309633,3
1239,-0.20763024561221943,2.6742243974009052,3
1240,-0.3844069409088563,2.851001092697542,3
1241,-0.3844069409088563,3.101001092697542,3
1242,-0.28873608281758384,3.3319709758253637,2
1243,-0.19306522472631138,3.5629408589531852,2
1244,-0.19306522472631135,3.8129408589531852,1
1245,-0.25,-4.0,1
1246,-0.34567085809127257,-4.2309698831278215,1
1247,-0.5224475533879095,-4.407746578424458,2
1248,-0.7534174365157311,-4.312075720333185,2
1249,-0.930194131812368,-4.135299025036549,3
1250,-1.1611640149401896,-4.039628166945276,3
1251,-1.3379407102368264,-3.862851471648639,3
1252,-1.4336115683280988,-3.6318815885208173,4
1253,-1.5292824264193712,-3.400911705392996,4
1254,-1.6249532845106436,-3.1699418222651743,4
1255,-1.720624142601916,-2.9389719391373528,3
1256,-1.720624142601916,-2.6889719391373528,3
1257,-1.6249532845106436,-2.4580020560095313,4
1258,-1.6249532845106436,-2.2080020560095313,4
1259,-1.6249532845106436,-1.9580020560095313,4
1260,-1.720624142601916,-1.7270321728817095,5
1261,-1.6249532845106436,-1.4960622897538878,5
1262,-1.4481765892140066,-1.3192855944572508,5
1263,-1.217206706086185,-1.4149564525485234,5
1264,-0.9862368229583635,-1.510627310639796,5
1265,-0.8905659648670909,-1.2796574275119743,5
1266,-0.7137892695704541,-1.1028807322153376,5
1267,-0.6181184114791816,-0.8719108490875158,5
1268,-0.6181184114791816,-0.6219108490875158,4
1269,-0.6181184114791816,-0.44360178066311,4
1270,-0.6863543378056548,-0.27886568188464694,4
1271,-0.6863543378056548,-0.028865681884646943,3
1272,-0.6863543378056548,0.22113431811535306,3
1273,-0.5906834797143823,0.45210420124317474,1
1274,-0.4950126216231098,0.6830740843709964,1
1275,-0.4950126216231098,0.9330740843709964,1
1276,-0.3182359263264729,1.1098507796676333,2
1277,-0.141459231029836,1.2866274749642703,2
1278,-0.14145923102983599,1.5366274749642703,2
1279,-0.14145923102983596,1.7866274749642703,2
1280,-0.14145923102983593,2.0366274749642703,2
1281,-0.1414592310298359,2.2866274749642703,4
1282,-0.14145923102983587,2.5366274749642703,4
1283,-0.14145923102983585,2.7866274749642703,3
1284,-0.14145923102983582,3.0366274749642703,2
1285,-0.1414592310298358,3.2866274749642703,1
1286,-0.04578837293856333,3.517597358092092,1
1287,-0.04578837293856332,3.767597358092092,0
1288,0.1767766952966369,-3.823223304703363,0
1289,0.4077465784244586,-3.7275524466120906,0
1290,0.6387164615522802,-3.631881588520818,0
1291,0.8154931568489171,-3.4551048932241812,1
1292,0.9111640149401896,-3.2241350100963597,1
1293,0.9111640149401896,-2.9741350100963597,1
1294,1.006834873031462,-2.743165126968538,1
1295,1.1025057311227344,-2.5121952438407167,2
1296,1.1025057311227344,-2.2621952438407167,3
1297,1.1025057311227344,-2.0121952438407167,3
1298,1.1025057311227344,-1.7621952438407167,3
1299,1.1981765892140068,-1.531225360712895,3
1300,1.3177900872406643,-1.531225360712895,4
1301,1.49609915566507,-1.531225360712895,4
1302,1.7270690387928918,-1.4355545026216225,4
1303,1.9580389219207135,-1.3398836445303501,4
1304,2.1348156172173502,-1.1631069492337134,4
1305,2.039144759126078,-0.9321370661058916,4
1306,2.215921454422715,-0.7553603708092548,4
1307,2.1202505963314424,-0.5243904876814331,4
1308,2.02457973824017,-0.29342060455361146,4
1309,1.9289088801488976,-0.06245072142578978,4
1310,1.7521321848522606,0.11432597387084711,4
1311,1.7521321848522606,0.29263504229525295,3
1312,1.8027310698979473,0.34323392734093955,3
1313,1.8873105854740404,0.2586544117648464,2
1314,1.9534212147387717,0.23127049250637502,2
1315,1.72245133161095,0.3269413505976475,3
1316,1.4914814484831282,0.42261220868891997,3
1317,1.3958105903918556,0.19164232556109834,4
1318,1.3958105903918556,-0.05835767443890166,3
1319,1.1648407072640339,0.03731318365237081,3
1320,1.0691698491727615,0.2682830667801925,3
1321,1.0691698491727615,0.5182830667801925,3
1322,1.1648407072640339,0.7492529499080143,4
1323,1.1648407072640339,0.9992529499080143,2
1324,1.0691698491727615,1.230222833035836,3
1325,0.9734989910814891,1.4611927161636578,4
1326,0.8778281329902167,1.6921625992914795,3
1327,0.7821572748989443,1.9231324824193012,3
1328,0.6864864168076719,2.1541023655471228,3
1329,0.5908155587163995,2.3850722486749443,2
1330,0.49514470062512705,2.616042131802766,2
1331,0.39947384253385465,2.8470120149305873,1
1332,0.30380298444258225,3.077981898058409,1
1333,0.20813212635130982,3.3089517811862303,1
1334,0.11246126826003738,3.539921664314052,1
1335,0.1124612682600374,3.789921664314052,1
1336,0.1767766952966369,-3.823223304703363,0
1337,0.4077465784244586,-3.7275524466120906,1
1338,0.6387164615522802,-3.631881588520818,0
1339,0.869686344680102,-3.536210730429546,0
1340,1.1006562278079237,-3.4405398723382734,0
1341,1.3316261109357455,-3.344869014247001,0
1342,1.5625959940635672,-3.2491981561557286,0
1343,1.793565877191389,-3.153527298064456,0
1344,2.0245357603192105,-3.057856439973184,0
1345,2.255505643447032,-2.9621855818819114,0
1346,2.4864755265748535,-2.866514723790639,0
1347,2.582146384666126,-2.6355448406628175,0
1348,2.6778172427573983,-2.404574957534996,0
1349,2.6778172427573983,-2.154574957534996,1
1350,2.582146384666126,-1.9236050744071742,1
1351,2.4864755265748535,-1.6926351912793525,1
1352,2.4864755265748535,-1.4426351912793525,3
1353,2.4864755265748535,-1.1926351912793525,3
1354,2.4864755265748535,-0.9426351912793525,2
1355,2.4864755265748535,-0.6926351912793525,2
1356,2.390804668483581,-0.4616653081515308,3
1357,2.2951338103923087,-0.2306954250237091,2
1358,2.1994629523010363,0.00027445810411258487,3
1359,2.1994629523010363,0.2502744581041126,3
1360,2.103792094209764,0.48124434123193427,5
1361,2.103792094209764,0.7312443412319343,5
1362,2.103792094209764,0.9812443412319343,6
1363,2.280568789506401,0.8044676459352973,6
1364,2.3762396475976733,0.5734977628074757,4
1365,2.1994629523010363,0.3967210675108388,4
1366,1.9494629523010363,0.39672106751083885,4
1367,1.8537920942097639,0.6276909506386605,4
1368,1.7581212361184915,0.8586608337664823,4
1369,1.662450378027219,1.089630716894304,4
1370,1.5667795199359467,1.3206006000221258,3
1371,1.4711086618446743,1.5515704831499475,1
1372,1.4711086618446743,1.8015704831499475,1
1373,1.4711086618446743,2.0515704831499475,0
1374,1.4711086618446743,2.3015704831499475,0
1375,1.4711086618446743,2.5515704831499475,0
1376,1.2943319665480373,2.7283471784465845,1
1377,1.1175552712514003,2.9051238737432215,0
1378,0.9407785759547634,3.0819005690398584,0
1379,0.7640018806581266,3.2586772643364954,2
1380,0.5872251853614897,3.4354539596331324,2
1381,0.356255302233668,3.531124817724405,2
1382,0.12528541910584634,3.626795675815677,2
1383,0.12528541910584637,3.876795675815677,2
1384,-0.2309698831278217,-4.095670858091273,0
1385,-0.4619397662556434,-4.191341716182546,0
1386,-0.7119397662556435,-4.191341716182546,0
1387,-0.9619397662556435,-4.191341716182546,0
1388,-1.1387164615522805,-4.014565020885909,0
1389,-1.3696863446801022,-3.9188941627946368,0
1390,-1.600656227807924,-3.8232233047033644,0
1391,-1.777432923104561,-3.6464466094067274,0
1392,-1.954209618401198,-3.4696699141100904,0
1393,-2.130986313697835,-3.2928932188134534,0
1394,-2.2266571717891073,-3.061923335685632,0
1395,-2.4034338670857442,-2.885146640388995,0
1396,-2.4991047251770167,-2.6541767572611734,0
1397,-2.594775583268289,-2.423206874133352,0
1398,-2.6904464413595615,-2.1922369910055304,0
1399,-2.6904464413595615,-1.9422369910055304,1
1400,-2.6904464413595615,-1.6922369910055304,2
1401,-2.6904464413595615,-1.4422369910055304,2
1402,-2.6904464413595615,-1.1922369910055304,2
1403,-2.6904464413595615,-0.9422369910055304,2
1404,-2.6904464413595615,-0.6922369910055304,3
1405,-2.6904464413595615,-0.4422369910055304,4
1406,-2.6904464413595615,-0.2639279225811246,3
1407,-2.6904464413595615,-0.08561885415671877,4
1408,-2.594775583268289,0.1453510289711029,3
1409,-2.417998887971652,0.3221277242677398,4
1410,-2.241222192675015,0.49890441956437664,5
1411,-2.1455513345837427,0.7298743026921983,5
1412,-2.310287433362206,0.6616383763657251,5
1413,-2.487064128658843,0.4848616810690882,4
1414,-2.5144480479173144,0.418751051804357,3
1415,-2.5144480479173144,0.38653823978289664,3
1416,-2.5021207384468105,0.41629899749415744,3
1417,-2.4897934289763066,0.44605975520541824,2
1418,-2.4897934289763066,0.6960597552054182,0
1419,-2.394122570885034,0.9270296383332399,1
1420,-2.394122570885034,1.17702963833324,1
1421,-2.298451712793762,1.4079995214610617,1
1422,-2.298451712793762,1.6579995214610617,2
1423,-2.2027808547024894,1.8889694045888834,3
1424,-2.2027808547024894,2.1389694045888836,2
1425,-2.2027808547024894,2.3889694045888836,3
1426,-2.2027808547024894,2.6389694045888836,3
1427,-2.107109996611217,2.869939287716705,2
1428,-1.93033330131458,3.046715983013342,2
1429,-1.6993634181867583,3.1423868411046145,3
1430,-1.4683935350589365,3.238057699195887,2
1431,-1.2916168397622996,3.414834394492524,2
1432,-1.1148401444656626,3.591611089789161,2
1433,-0.9380634491690257,3.768387785085798,2
1434,-0.7612867538723889,3.945164480382435,1
1435,-0.6656158957811165,4.176134363510257,1
1436,-0.5699450376898441,4.407104246638078,0
1437,-0.4742741795985716,4.6380741297659,0
1438,-0.4060382532720983,4.802810228544363,0
1439,-0.4060382532720983,5.052810228544363,0
1440,-0.31036739518082584,5.2837801116721845,0
1441,-0.21469653708955339,5.514749994800006,0
1442,-0.11902567899828093,5.745719877927828,0
1443,-0.29580237429491785,5.568943182631191,0
1444,-0.2001315162036454,5.7999130657590126,0
1445,-0.3769082115002823,5.623136370462376,0
1446,-0.28123735340900985,5.8541062535901975,0
1447,-0.45801404870564677,5.677329558293561,0
1448,-0.3623431906143743,5.9082994414213825,0
1449,-0.18556649531773747,5.731522746124746,0
1450,-0.36234319061437437,5.5547460508281095,0
1451,-0.2666723325231019,5.785715933955931,0
1452,-0.44344902781973883,5.6089392386592944,0
1453,-0.34777816972846637,5.839909121787116,0
1454,-0.17100147443182953,5.663132426490479,1
1455,-0.3477781697284664,5.486355731193843,1
1456,-0.25210731163719396,5.717325614321664,1
1457,-0.4288840069338309,5.540548919025028,1
1458,-0.3332131488425584,5.771518802152849,1
1459,-0.5099898441391953,5.594742106856213,0
1460,-0.6867665394358322,5.417965411559576,0
1461,-0.7824373975271048,5.186995528431755,0
1462,-0.7824373975271048,4.936995528431755,0
1463,-0.7824373975271048,4.686995528431755,0
1464,-0.7142014712006315,4.522259429653292,0
1465,-0.6185306131093591,4.753229312781113,1
1466,-0.6185306131093591,4.503229312781113,1
1467,-0.5228597550180867,4.734199195908935,1
1468,-0.5228597550180867,4.484199195908935,0
1469,-0.4271888969268142,4.715169079036756,0
1470,-0.4271888969268143,4.465169079036756,0
1471,-0.3315180388355418,4.696138962164578,0
1472,-0.5082947341321787,4.519362266867941,0
1473,-0.44005880780570544,4.354626168089478,1
1474,-0.34438794971443293,4.1236562849616565,1
1475,-0.2487170916231604,3.892686401833835,2
1476,-0.25,-4.0,0
1477,-0.5,-4.0,0
1478,-0.7309698831278217,-4.095670858091273,0
1479,-0.9619397662556435,-4.0,0
1480,-1.1929096493834652,-3.9043291419087276,1
1481,-1.4429096493834652,-3.9043291419087276,1
1482,-1.6929096493834652,-3.9043291419087276,1
1483,-1.923879532511287,-3.808658283817455,2
1484,-2.100656227807924,-3.631881588520818,2
1485,-2.277432923104561,-3.4551048932241812,2
1486,-2.454209618401198,-3.2783281979275443,2
1487,-2.5498804764924703,-3.0473583147997227,2
1488,-2.6455513345837427,-2.8163884316719012,1
1489,-2.6455513345837427,-2.5663884316719012,1
1490,-2.6455513345837427,-2.3163884316719012,1
1491,-2.6455513345837427,-2.0663884316719012,1
1492,-2.6455513345837427,-1.8163884316719012,1
1493,-2.6455513345837427,-1.5663884316719012,1
1494,-2.6455513345837427,-1.3163884316719012,2
1495,-2.6455513345837427,-1.0663884316719012,2
1496,-2.6455513345837427,-0.8163884316719012,3
1497,-2.6455513345837427,-0.5663884316719012,2
1498,-2.6455513345837427,-0.3880793632474954,1
1499,-2.6455513345837427,-0.13807936324749542,3
1500,-2.5498804764924703,0.09289051988032626,3
1501,-2.454209618401198,0.32386040300814795,3
1502,-2.277432923104561,0.5006370983047848,2
1503,-2.100656227807924,0.6774137936014216,1
1504,-1.923879532511287,0.8541904888980585,1
1505,-1.8282086744200146,1.0851603720258802,1
1506,-1.7325378163287422,1.316130255153702,2
1507,-1.5557611210321052,1.492906950450339,2
1508,-1.3789844257354682,1.669683645746976,2
1509,-1.2022077304388312,1.846460341043613,2
1510,-0.9712378473110095,1.9421311991348853,3
1511,-0.7402679641831877,2.0378020572261577,2
1512,-0.6445971060919153,2.268771940353979,2
1513,-0.41362722296409365,2.3644427984452516,2
1514,-0.18265733983627203,2.268771940353979,2
1515,0.06734266016372797,2.268771940353979,2
1516,0.24411935546036487,2.445548635650616,2
1517,0.2441193554603649,2.695548635650616,2
1518,0.24411935546036492,2.945548635650616,3
1519,0.1484484973690925,3.1765185187784377,3
1520,0.05277763927782006,3.4074884019062592,2
1521,0.052777639277820074,3.6574884019062592,1
1522,0.05277763927782009,3.9074884019062592,0
1523,-0.2309698831278217,-4.095670858091273,0
1524,-0.48096988312782174,-4.095670858091273,0
1525,-0.7309698831278217,-4.095670858091273,0
1526,-0.9619397662556435,-4.0,0
1527,-1.1929096493834652,-3.9043291419087276,0
1528,-1.423879532511287,-3.808658283817455,0
1529,-1.673879532511287,-3.808658283817455,1
1530,-1.850656227807924,-3.631881588520818,1
1531,-2.027432923104561,-3.4551048932241812,1
1532,-2.1231037811958333,-3.2241350100963597,1
1533,-2.2187746392871057,-2.993165126968538,1
1534,-2.314445497378378,-2.7621952438407167,1
1535,-2.4101163554696505,-2.531225360712895,1
1536,-2.4101163554696505,-2.281225360712895,1
1537,-2.314445497378378,-2.0502554775850736,2
1538,-2.2187746392871057,-1.819285594457252,3
1539,-2.2187746392871057,-1.569285594457252,3
1540,-2.2187746392871057,-1.319285594457252,4
1541,-2.2187746392871057,-1.069285594457252,5
1542,-2.2187746392871057,-0.8192855944572519,5
1543,-2.1231037811958333,-0.5883157113294302,5
1544,-2.027432923104561,-0.3573458282016085,5
1545,-1.9317620650132885,-0.1263759450737868,5
1546,-1.836091206922016,0.10459393805403489,5
1547,-1.7404203488307437,0.33556382118185657,5
1548,-1.6447494907394713,0.5665337043096783,5
1549,-1.549078632648199,0.7975035874375,3
1550,-1.4534077745569265,1.0284734705653218,2
1551,-1.357736916465654,1.2594433536931435,1
1552,-1.2620660583743817,1.4904132368209653,0
1553,-1.1663952002831093,1.721383119948787,0
1554,-0.9896185049864724,1.8981598152454238,0
1555,-0.8128418096898355,2.0749365105420607,0
1556,-0.6360651143931987,2.2517132058386977,1
1557,-0.5403942563019262,2.4826830889665192,1
1558,-0.4447233982106537,2.7136529720943408,1
1559,-0.4447233982106537,2.9636529720943408,1
1560,-0.4447233982106537,3.2136529720943408,1
1561,-0.4447233982106537,3.4636529720943408,1
1562,-0.4447233982106537,3.7136529720943408,1
1563,-0.4447233982106537,3.9636529720943408,1
1564,-0.4447233982106537,4.213652972094341,1
1565,-0.4447233982106537,4.463652972094341,2
1566,-0.4447233982106537,4.713652972094341,2
1567,-0.4447233982106537,4.963652972094341,2
1568,-0.6215000935072906,4.786876276797704,2
1569,-0.6215000935072906,4.536876276797704,2
1570,-0.5532641671808173,4.372140178019241,2
1571,-0.4575933090895448,4.603110061147063,3
1572,-0.6343700043861817,4.426333365850426,3
1573,-0.5386991462949093,4.6573032489782475,3
1574,-0.634370004386182,4.426333365850426,3
1575,-0.5386991462949096,4.6573032489782475,3
1576,-0.6343700043861822,4.426333365850426,3
1577,-0.5386991462949098,4.6573032489782475,3
1578,-0.6343700043861824,4.426333365850426,0
1579,-0.53869914629491,4.6573032489782475,1
1580,-0.6343700043861826,4.426333365850426,1
1581,-0.5386991462949102,4.6573032489782475,1
1582,-0.6343700043861829,4.426333365850426,1
1583,-0.5386991462949104,4.6573032489782475,1
1584,-0.6343700043861831,4.426333365850426,0
1585,-0.5386991462949107,4.6573032489782475,0
1586,-0.6343700043861833,4.426333365850426,0
1587,-0.5386991462949109,4.6573032489782475,0
1588,-0.6343700043861835,4.426333365850426,0
1589,-0.5386991462949111,4.6573032489782475,0
1590,-0.6343700043861837,4.426333365850426,0
1591,-0.5386991462949113,4.6573032489782475,0
1592,-0.634370004386184,4.426333365850426,0
1593,-0.5386991462949116,4.6573032489782475,0
1594,-0.6343700043861842,4.426333365850426,0
1595,-0.5386991462949118,4.6573032489782475,0
1596,-0.6343700043861844,4.426333365850426,0
1597,-0.730040862477457,4.1953634827226045,0
1598,-0.6343700043861846,4.426333365850426,0
1599,-0.7300408624774573,4.1953634827226045,0
1600,-0.6343700043861847,3.964393599594783,0
1601,-0.5082864529562313,3.8383100481648293,0
1602,-0.27731656982840963,3.9339809062561018,0
1603,0.23096988312782168,-3.9043291419087276,3
1604,0.4809698831278217,-3.9043291419087276,3
1605,0.7309698831278217,-3.9043291419087276,3
1606,0.9619397662556435,-3.808658283817455,3
1607,1.1929096493834652,-3.712987425726183,3
1608,1.3696863446801022,-3.536210730429546,3
1609,1.600656227807924,-3.4405398723382734,3
1610,1.777432923104561,-3.2637631770416364,2
1611,1.954209618401198,-3.0869864817449995,2
1612,2.130986313697835,-2.9102097864483625,2
1613,2.2266571717891073,-2.679239903320541,2
1614,2.4034338670857442,-2.502463208023904,2
1615,2.5802105623823812,-2.325686512727267,2
1616,2.6758814204736536,-2.0947166295994455,1
1617,2.8526581157702906,-1.9179399343028085,1
1618,3.0294348110669276,-1.7411632390061715,1
1619,3.0294348110669276,-1.4911632390061715,1
1620,2.933763952975655,-1.2601933558783498,2
1621,2.8380930948843828,-1.029223472750528,3
1622,2.7424222367931104,-0.7982535896227063,4
1623,2.7424222367931104,-0.5482535896227063,4
1624,2.646751378701838,-0.31728370649488463,4
1625,2.5510805206105656,-0.08631382336706295,4
1626,2.455409662519293,0.14465605976075874,4
1627,2.3597388044280208,0.3756259428885804,4
1628,2.2640679463367483,0.6065958260164022,4
1629,2.168397088245476,0.8375657091442239,4
1630,2.0727262301542035,1.0685355922720456,4
1631,1.9770553720629311,1.2995054753998674,5
1632,1.8813845139716587,1.5304753585276891,5
1633,1.650414630843837,1.6261462166189615,5
1634,1.4736379355472002,1.8029229119155985,4
1635,1.2968612402505633,1.9796996072122355,3
1636,1.2011903821592909,2.210669490340057,3
1637,1.0244136868626539,2.387446185636694,4
1638,0.9287428287713815,2.6184160687645157,4
1639,0.7519661334747446,2.7951927640611527,4
1640,0.6562952753834722,3.026162647188974,4
1641,0.5457868127445642,2.980388543206938,4
1642,0.5135740007231038,2.980388543206938,5
1643,0.4813611887016434,2.980388543206938,4
1644,0.4813611887016434,2.980388543206938,3
1645,0.4813611887016434,2.980388543206938,2
1646,0.38569033061037095,3.2113584263347597,2
1647,0.29001947251909854,3.442328309462581,2
1648,0.1943486144278261,3.6732981925904027,2
1649,0.19434861442782614,3.9232981925904027,2
1650,-0.25,-4.0,2
1651,-0.48096988312782174,-4.095670858091273,2
1652,-0.7119397662556435,-4.191341716182546,1
1653,-0.9429096493834652,-4.095670858091273,1
1654,-1.119686344680102,-3.918894162794636,2
1655,-1.369686344680102,-3.918894162794636,2
1656,-1.6006562278079237,-3.8232233047033635,1
1657,-1.7774329231045605,-3.6464466094067265,1
1658,-2.008402806232382,-3.550775751315454,1
1659,-2.185179501529019,-3.373999056018817,0
1660,-2.361956196825656,-3.19722236072218,0
1661,-2.538732892122293,-3.020445665425543,0
1662,-2.6344037502135653,-2.7894757822977216,0
1663,-2.7300746083048377,-2.5585058991699,0
1664,-2.82574546639611,-2.3275360160420786,0
1665,-2.82574546639611,-2.0775360160420786,0
1666,-2.82574546639611,-1.8275360160420786,0
1667,-2.82574546639611,-1.5775360160420786,0
1668,-2.82574546639611,-1.3275360160420786,1
1669,-2.82574546639611,-1.0775360160420786,1
1670,-2.82574546639611,-0.8275360160420786,1
1671,-2.82574546639611,-0.5775360160420786,2
1672,-2.82574546639611,-0.3275360160420786,4
1673,-2.7300746083048377,-0.09656613291425692,4
1674,-2.6344037502135653,0.13440375021356477,4
1675,-2.4576270549169283,0.31118044551020163,4
1676,-2.2808503596202914,0.4879571408068385,5
1677,-2.185179501529019,0.7189270239346601,5
1678,-2.2808503596202914,0.9498969070624819,5
1679,-2.3765212177115638,1.1808667901903036,3
1680,-2.199744522414927,1.3576434854869404,3
1681,-1.968774639287105,1.4533143435782128,3
1682,-1.7378047561592833,1.5489852016694852,2
1683,-1.5068348730314616,1.6446560597607576,1
1684,-1.2758649899036398,1.74032691785203,0
1685,-1.0990882946070029,1.917103613148667,0
1686,-0.8681184114791811,2.0127744712399394,1
1687,-0.6913417161825443,2.1895511665365763,1
1688,-0.5145650208859074,2.3663278618332133,1
1689,-0.41889416279463493,2.597297744961035,0
1690,-0.41889416279463493,2.847297744961035,0
1691,-0.41889416279463493,3.097297744961035,0
1692,-0.41889416279463493,3.347297744961035,0
1693,-0.32322330470336247,3.5782676280888563,0
1694,-0.22755244661209,3.809237511216678,0
1695,-0.25,-4.0,0
1696,-0.5,-4.0,0
1697,-0.75,-4.0,0
1698,-0.9809698831278217,-3.9043291419087276,0
1699,-1.2119397662556435,-3.808658283817455,1
1700,-1.4619397662556435,-3.808658283817455,1
1701,-1.6929096493834652,-3.712987425726183,1
1702,-1.923879532511287,-3.6173165676349104,1
1703,-2.100656227807924,-3.4405398723382734,0
1704,-2.277432923104561,-3.2637631770416364,0
1705,-2.3731037811958333,-3.032793293913815,0
1706,-2.3731037811958333,-2.782793293913815,1
1707,-2.3731037811958333,-2.532793293913815,2
1708,-2.3731037811958333,-2.282793293913815,2
1709,-2.3731037811958333,-2.032793293913815,2
1710,-2.277432923104561,-1.8018234107859932,2
1711,-2.277432923104561,-1.5518234107859932,2
1712,-2.277432923104561,-1.3018234107859932,2
1713,-2.277432923104561,-1.0518234107859932,3
1714,-2.277432923104561,-0.8018234107859932,4
1715,-2.277432923104561,-0.5518234107859932,4
1716,-2.1817620650132885,-0.3208535276581715,3
1717,-2.086091206922016,-0.0898836445303498,3
1718,-1.9904203488307437,0.14108623859747188,3
1719,-1.8947494907394713,0.37205612172529356,4
1720,-1.799078632648199,0.6030260048531153,4
1721,-1.7034077745569265,0.833995887980937,4
1722,-1.607736916465654,1.0649657711087588,3
1723,-1.5120660583743817,1.2959356542365805,3
1724,-1.3352893630777447,1.4727123495332175,3
1725,-1.1585126677811077,1.6494890448298545,3
1726,-1.0628418096898353,1.8804589279576762,3
1727,-0.8318719265620136,1.9761297860489486,3
1728,-0.6550952312653767,2.1529064813455854,3
1729,-0.5594243731741042,2.383876364473407,3
1730,-0.46375351508283175,2.6148462476012284,2
1731,-0.3680826569915593,2.84581613072905,1
1732,-0.3680826569915593,3.09581613072905,2
1733,-0.27241179890028683,3.3267860138568714,3
1734,-0.17674094080901437,3.557755896984693,3
1735,-0.17674094080901434,3.807755896984693,1
1736,0.23096988312782168,-3.9043291419087276,0
1737,0.46193976625564337,-3.808658283817455,0
1738,0.7119397662556434,-3.808658283817455,1
1739,0.8887164615522802,-3.631881588520818,1
1740,1.0654931568489172,-3.4551048932241812,1
1741,1.1611640149401896,-3.2241350100963597,1
1742,1.0350804635102362,-3.098051458666406,1
1743,0.9089969120802828,-2.9719679072364524,1
1744,0.8583980270345962,-2.921369022190766,1
1745,0.8707253365051001,-2.891608264479505,1
1746,0.8981092557635714,-2.825497635214774,1
1747,0.8523351517815352,-2.714989172575866,2
1748,0.6023351517815352,-2.714989172575866,2
1749,0.4255584564848983,-2.538212477279229,2
1750,0.3298875983936259,-2.3072425941514076,4
1751,0.15311090309698905,-2.1304658988547707,5
1752,-0.07785898003083264,-2.0347950407634983,5
1753,-0.3088288631586543,-1.9391241826722259,5
1754,-0.4044997212499267,-1.7081542995444041,5
1755,-0.5001705793411991,-1.4771844164165824,5
1756,-0.5958414374324715,-1.2462145332887606,5
1757,-0.7726181327291084,-1.0694378379921237,5
1758,-0.9493948280257453,-0.8926611426954868,5
1759,-1.0176307543522185,-0.7279250439170237,5
1760,-1.0858666806786919,-0.5631889451385607,5
1761,-0.9901958225874194,-0.332219062010739,5
1762,-0.8134191272907826,-0.1554423667141021,5
1763,-0.8134191272907826,0.09455763328589789,5
1764,-0.9901958225874194,0.2713343285825348,5
1765,-1.1669725178840564,0.4481110238791717,4
1766,-1.3437492131806934,0.6248877191758085,3
1767,-1.5205259084773304,0.8016644144724454,2
1768,-1.5920835379498977,0.8016644144724454,1
1769,-1.5920835379498977,0.769451602450985,0
1770,-1.361113654822076,0.8651224605422574,0
1771,-1.2654427967308035,1.0960923436700791,0
1772,-1.169771938639531,1.3270622267979009,1
1773,-1.0741010805482587,1.5580321099257226,1
1774,-0.9784302224569863,1.7890019930535443,2
1775,-0.8016535271603494,1.965778688350181,2
1776,-0.6248768318637126,2.142555383646818,2
1777,-0.5292059737724402,2.3735252667746396,2
1778,-0.4335351156811677,2.604495149902461,3
1779,-0.33786425758989524,2.8354650330302826,2
1780,-0.33786425758989524,3.0854650330302826,1
1781,-0.33786425758989524,3.3354650330302826,1
1782,-0.33786425758989524,3.5854650330302826,2
1783,-0.16108756229325835,3.7622417283269196,1
1784,0.25,-4.0,2
1785,0.5,-4.0,2
1786,0.6767766952966369,-3.823223304703363,2
1787,0.8535533905932737,-3.646446609406726,2
1788,1.0845232737210955,-3.5507757513154536,2
1789,1.3154931568489172,-3.4551048932241812,2
1790,1.4922698521455542,-3.2783281979275443,2
1791,1.6690465474421912,-3.1015515026309073,2
1792,1.8458232427388281,-2.9247748073342703,2
1793,2.022599938035465,-2.7479981120376333,2
1794,2.199376633332102,-2.5712214167409964,2
1795,2.2950474914233743,-2.340251533613175,3
1796,2.3907183495146467,-2.1092816504853533,3
1797,2.3907183495146467,-1.8592816504853533,3
1798,2.2950474914233743,-1.6283117673575316,4
1799,2.199376633332102,-1.3973418842297098,4
1800,2.1037057752408295,-1.166372001101888,5
1801,2.199376633332102,-0.9354021179740664,6
1802,2.376153328628739,-0.7586254226774295,6
1803,2.2804824705374664,-0.5276555395496079,5
1804,2.184811612446194,-0.2966856564217862,5
1805,2.0891407543549216,-0.0657157732939645,5
1806,1.9934698962636492,0.1652541098338572,5
1807,1.8977990381723768,0.3962239929616789,5
1808,1.8977990381723768,0.6462239929616789,4
1809,1.8977990381723768,0.8962239929616789,3
1810,1.8977990381723768,1.1462239929616789,3
1811,1.8021281800811044,1.3771938760895006,4
1812,1.8977990381723768,1.6081637592173224,4
1813,1.9660349644988502,1.7728998579957853,4
1814,1.9660349644988502,1.951208926420191,5
1815,1.920260860516814,2.061717389059099,4
1816,1.7434841652201771,2.238494084355736,4
1817,1.5667074699235402,2.415270779652373,4
1818,1.4710366118322677,2.6462406627801944,4
1819,1.2942599165356308,2.8230173580768314,4
1820,1.1174832212389938,2.9997940533734684,4
1821,0.9407065259423569,3.1765707486701054,4
1822,0.7097366428145353,3.2722416067613778,4
1823,0.5329599475178984,3.4490183020580147,4
1824,0.30199006439007675,3.544689160149287,0
1825,0.25139117934439015,3.4940902751036007,0
1826,0.21917836732292975,3.4940902751036007,0
1827,0.21917836732292975,3.4618774630821405,0
1828,0.24656228658140109,3.3957668338174094,0
1829,0.29716117162708766,3.345167948771723,0
1830,0.20149031353581523,3.5761378318995445,0
1831,0.1058194554445428,3.807107715027366,1
1832,-0.2309698831278217,-4.095670858091273,1
1833,-0.4619397662556434,-4.191341716182546,1
1834,-0.6929096493834651,-4.2870125742738185,2
1835,-0.9238795325112867,-4.191341716182546,1
1836,-1.1006562278079235,-4.014565020885909,1
1837,-1.3506562278079235,-4.014565020885909,1
1838,-1.6006562278079235,-4.014565020885909,0
1839,-1.8316261109357452,-3.9188941627946368,0
1840,-2.008402806232382,-3.742117467498,0
1841,-2.185179501529019,-3.565340772201363,0
1842,-2.2808503596202914,-3.3343708890735413,0
1843,-2.3765212177115638,-3.1034010059457198,0
1844,-2.472192075802836,-2.8724311228178983,0
1845,-2.5678629338941086,-2.6414612396900767,0
1846,-2.5678629338941086,-2.3914612396900767,0
1847,-2.5678629338941086,-2.1414612396900767,0
1848,-2.5678629338941086,-1.8914612396900767,1
1849,-2.5678629338941086,-1.6414612396900767,1
1850,-2.5678629338941086,-1.3914612396900767,2
1851,-2.5678629338941086,-1.1414612396900767,2
1852,-2.5678629338941086,-0.8914612396900767,2
1853,-2.663533791985381,-0.660491356562255,2
1854,-2.7592046500766534,-0.4295214734344333,2
1855,-2.663533791985381,-0.19855159030661163,3
1856,-2.5678629338941086,0.03241829282121006,3
1857,-2.472192075802836,0.26338817594903174,3
1858,-2.295415380506199,0.4401648712456686,4
1859,-2.1186386852095622,0.6169415665423055,4
1860,-2.02296782711829,0.8479114496701272,4
1861,-1.9272969690270174,1.078881332797949,4
1862,-1.7505202737303804,1.2556580280945857,4
1863,-1.5737435784337435,1.4324347233912227,4
1864,-1.3427736953059217,1.528105581482495,5
1865,-1.1659970000092847,1.704882276779132,3
1866,-0.9892203047126479,1.881658972075769,3
1867,-0.812443609416011,2.058435667372406,4
1868,-0.6356669141193741,2.235212362669043,4
1869,-0.5399960560281016,2.4661822457968645,4
1870,-0.4443251979368292,2.697152128924686,4
1871,-0.4443251979368292,2.947152128924686,3
1872,-0.4443251979368292,3.197152128924686,3
1873,-0.4443251979368292,3.447152128924686,3
1874,-0.4443251979368292,3.697152128924686,2
1875,-0.26754850264019225,3.873928824221323,2
1876,-0.2309698831278217,-4.095670858091273,0
1877,-0.4619397662556434,-4.191341716182546,0
1878,-0.6929096493834651,-4.2870125742738185,0
1879,-0.9238795325112867,-4.191341716182546,0
1880,-1.1006562278079235,-4.014565020885909,0
1881,-1.3506562278079235,-4.014565020885909,0
1882,-1.6006562278079235,-4.014565020885909,0
1883,-1.8316261109357452,-3.9188941627946368,0
1884,-2.062595994063567,-3.8232233047033644,0
1885,-2.2935658771913885,-3.727552446612092,0
1886,-2.4703425724880255,-3.550775751315455,0
1887,-2.701312455615847,-3.4551048932241826,0
1888,-2.9322823387436685,-3.35943403513291,0
1889,-3.1090590340403055,-3.182657339836273,0
1890,-3.204729892131578,-2.9516874567084517,0
1891,-3.204729892131578,-2.7016874567084517,0
1892,-3.204729892131578,-2.4516874567084517,0
1893,-3.204729892131578,-2.2016874567084517,0
1894,-3.204729892131578,-1.9516874567084517,0
1895,-3.204729892131578,-1.7016874567084517,1
1896,-3.204729892131578,-1.4516874567084517,1
1897,-3.204729892131578,-1.2016874567084517,1
1898,-3.1090590340403055,-0.9707175735806299,2
1899,-3.013388175949033,-0.7397476904528082,3
1900,-2.9177173178577607,-0.5087778073249865,4
1901,-2.8220464597664883,-0.27780792419716477,5
1902,-2.6452697644698513,-0.1010312289005279,5
1903,-2.4684930691732143,0.07574546639610896,6
1904,-2.2917163738765773,0.25252216169274583,6
1905,-2.196045515785305,0.4834920448205675,6
1906,-2.196045515785305,0.7334920448205675,6
1907,-2.1003746576940325,0.9644619279483893,6
1908,-1.9235979623973956,1.1412386232450262,6
1909,-1.8130894997584877,1.1870127272270623,6
1910,-1.6870059483285342,1.3130962786570157,6
1911,-1.4560360652007125,1.4087671367482881,6
1912,-1.2792593699040755,1.5855438320449249,6
1913,-1.1024826746074385,1.7623205273415619,6
1914,-0.9257059793108017,1.9390972226381988,4
1915,-0.7489292840141648,2.115873917934836,3
1916,-0.5721525887175279,2.292650613231473,3
1917,-0.4764817306262555,2.5236204963592943,2
1918,-0.4764817306262555,2.7736204963592943,2
1919,-0.4764817306262555,3.0236204963592943,2
1920,-0.380810872534983,3.254590379487116,2
1921,-0.28514001444371057,3.4855602626149373,0
1922,-0.1894691563524381,3.716530145742759,0
1923,-0.09379829826116565,3.9475000288705804,0
