,local_ppl_cnt,vx,vy
0,2,0.9238795325112865,-0.3826834323650904
1,2,0.9238795325112865,-0.3826834323650904
2,4,0.9238795325112865,-0.3826834323650904
3,4,0.9238795325112867,0.3826834323650898
4,4,1.0,0.0
5,5,0.9238795325112867,0.3826834323650898
6,5,0.7071067811865476,0.7071067811865475
7,4,0.7071067811865476,0.7071067811865475
8,5,0.7071067811865476,0.7071067811865475
9,6,0.9238795325112867,0.3826834323650898
10,5,0.9238795325112867,0.3826834323650898
11,3,0.9238795325112867,0.3826834323650898
12,2,0.38268343236508984,0.9238795325112867
13,3,6.123233995736766e-17,1.0
14,4,0.38268343236508984,0.9238795325112867
15,4,0.38268343236508984,0.9238795325112867
16,4,0.38268343236508984,0.9238795325112867
17,4,0.38268343236508984,0.9238795325112867
18,4,1.0,0.0
19,4,6.123233995736766e-17,1.0
20,5,6.123233995736766e-17,1.0
21,5,0.38268343236508984,0.9238795325112867
22,6,6.123233995736766e-17,1.0
23,8,0.38268343236508984,0.9238795325112867
24,8,-0.7071067811865475,0.7071067811865476
25,11,-0.7071067811865475,0.7071067811865476
26,12,6.123233995736766e-17,1.0
27,11,-0.7071067811865477,-0.7071067811865475
28,12,-0.9238795325112868,-0.38268343236508967
29,12,6.123233995736766e-17,1.0
30,11,-0.3826834323650897,0.9238795325112867
31,10,6.123233995736766e-17,1.0
32,10,-0.3826834323650897,0.9238795325112867
33,9,6.123233995736766e-17,1.0
34,9,1.0,0.0
35,11,-0.049309237882015626,-0.1190430308450431
36,11,1.0,0.0
37,6,0.7132362736976232,0.0
38,7,0.7132362736976232,0.0
39,6,-0.3826834323650897,0.9238795325112867
40,8,-0.3826834323650897,0.9238795325112867
41,8,-0.6589443951138523,0.2729437053058931
42,7,0.20239554018274636,-0.20239554018274647
43,7,-0.9238795325112867,0.3826834323650899
44,8,-0.3826834323650897,0.9238795325112867
45,11,-0.9238795325112867,0.3826834323650899
46,11,-0.9238795325112867,0.3826834323650899
47,11,-0.9238795325112867,0.3826834323650899
48,11,-0.7071067811865475,0.7071067811865476
49,8,-0.7071067811865475,0.7071067811865476
50,9,-0.7071067811865475,0.7071067811865476
51,8,-0.7071067811865475,0.7071067811865476
52,8,-0.9238795325112867,0.3826834323650899
53,9,-0.7071067811865475,0.7071067811865476
54,7,-0.7071067811865475,0.7071067811865476
55,8,-0.7071067811865477,-0.7071067811865475
56,7,-0.47845399210662953,5.859371499726569e-17
57,8,-0.04930923788201554,0.11904303084504313
58,8,-0.38268343236509034,-0.9238795325112865
59,8,-0.47845399210662953,5.859371499726569e-17
60,11,-0.2862305178902687,3.505312875526068e-17
61,10,-0.26444251705892496,-0.10953567703388524
62,12,0.7071067811865476,0.7071067811865475
63,12,-0.3826834323650897,0.9238795325112867
64,11,-0.3826834323650897,0.9238795325112867
65,10,-0.3826834323650897,0.9238795325112867
66,10,0.27294370530589307,0.6589443951138523
67,2,1.0,0.0
68,1,0.9238795325112865,-0.3826834323650904
69,1,0.9238795325112865,-0.3826834323650904
70,2,1.0,0.0
71,2,1.0,0.0
72,1,0.9238795325112867,0.3826834323650898
73,2,0.9238795325112867,0.3826834323650898
74,2,0.9238795325112867,0.3826834323650898
75,1,0.7071067811865476,0.7071067811865475
76,1,0.9238795325112867,0.3826834323650898
77,1,0.9238795325112867,0.3826834323650898
78,1,0.9238795325112867,0.3826834323650898
79,2,0.38268343236508984,0.9238795325112867
80,1,6.123233995736766e-17,1.0
81,1,0.38268343236508984,0.9238795325112867
82,2,6.123233995736766e-17,1.0
83,2,0.38268343236508984,0.9238795325112867
84,2,6.123233995736766e-17,1.0
85,6,-0.3826834323650897,0.9238795325112867
86,9,6.123233995736766e-17,1.0
87,11,6.123233995736766e-17,1.0
88,13,-0.3826834323650897,0.9238795325112867
89,14,-0.3826834323650897,0.9238795325112867
90,14,-0.3826834323650897,0.9238795325112867
91,15,6.123233995736766e-17,1.0
92,16,6.123233995736766e-17,1.0
93,15,-0.3826834323650897,0.9238795325112867
94,14,-0.18309641592814455,0.44203385055563177
95,15,0.9238795325112867,0.3826834323650898
96,12,1.752656437763034e-17,0.2862305178902687
97,13,-0.3826834323650897,0.9238795325112867
98,13,0.9238795325112867,0.3826834323650898
99,11,-0.3826834323650897,0.9238795325112867
100,12,-0.7071067811865475,0.7071067811865476
101,12,-0.272943705305893,0.6589443951138523
102,13,4.367312598097899e-17,0.7132362736976232
103,10,0.6589443951138523,0.27294370530589307
104,10,0.33831806230437267,0.3383180623043726
105,11,0.10953567703388534,-0.2644425170589249
106,11,0.27294370530589307,0.6589443951138523
107,11,0.38268343236508984,0.9238795325112867
108,11,0.7071067811865476,0.7071067811865475
109,11,0.38268343236508984,0.9238795325112867
110,11,0.38268343236508984,0.9238795325112867
111,11,6.123233995736766e-17,1.0
112,10,-0.3826834323650897,0.9238795325112867
113,10,-1.0,1.2246467991473532e-16
114,11,-1.0,1.2246467991473532e-16
115,11,-0.6589443951138523,0.2729437053058931
116,13,-0.9238795325112868,-0.38268343236508967
117,12,-0.9238795325112868,-0.38268343236508967
118,14,-0.7071067811865477,-0.7071067811865475
119,14,-0.7071067811865475,0.7071067811865476
120,5,0.9238795325112865,-0.3826834323650904
121,5,0.9238795325112865,-0.3826834323650904
122,5,0.9238795325112865,-0.3826834323650904
123,5,0.9238795325112867,0.3826834323650898
124,5,0.9238795325112867,0.3826834323650898
125,4,0.7071067811865476,0.7071067811865475
126,3,0.9238795325112867,0.3826834323650898
127,3,0.7071067811865476,0.7071067811865475
128,4,0.9238795325112867,0.3826834323650898
129,3,0.9238795325112867,0.3826834323650898
130,3,0.9238795325112867,0.3826834323650898
131,3,0.7071067811865476,0.7071067811865475
132,3,0.7071067811865476,0.7071067811865475
133,3,0.7071067811865476,0.7071067811865475
134,3,0.38268343236508984,0.9238795325112867
135,2,0.38268343236508984,0.9238795325112867
136,2,0.38268343236508984,0.9238795325112867
137,3,0.7071067811865476,0.7071067811865475
138,2,0.38268343236508984,0.9238795325112867
139,2,0.9238795325112865,-0.3826834323650904
140,2,0.38268343236508984,0.9238795325112867
141,2,0.9238795325112865,-0.3826834323650904
142,1,0.9238795325112865,-0.3826834323650904
143,2,-0.7071067811865475,0.7071067811865476
144,1,-0.7071067811865475,0.7071067811865476
145,0,-0.9238795325112867,0.3826834323650899
146,2,-0.7071067811865475,0.7071067811865476
147,3,-0.7071067811865475,0.7071067811865476
148,5,-0.7071067811865475,0.7071067811865476
149,5,6.123233995736766e-17,1.0
150,7,6.123233995736766e-17,1.0
151,8,6.123233995736766e-17,1.0
152,8,-0.3826834323650897,0.9238795325112867
153,8,-0.3826834323650897,0.9238795325112867
154,10,-0.3826834323650897,0.9238795325112867
155,12,-0.7071067811865475,0.7071067811865476
156,11,-0.7071067811865475,0.7071067811865476
157,10,-0.38268343236509034,-0.9238795325112865
158,9,-0.5043342057198139,-0.5043342057198137
159,9,0.18309641592814466,-0.4420338505556317
160,8,-1.8369701987210297e-16,-1.0
161,8,4.367312598097899e-17,0.7132362736976232
162,8,6.123233995736766e-17,1.0
163,9,-0.38268343236509034,-0.9238795325112865
164,9,1.752656437763034e-17,0.2862305178902687
165,9,0.33831806230437256,-0.3383180623043727
166,9,0.1190430308450431,-0.04930923788201563
167,10,-0.3826834323650897,0.9238795325112867
168,10,6.123233995736766e-17,1.0
169,9,0.6589443951138523,0.27294370530589307
170,10,0.7132362736976232,0.0
171,10,0.47845399210662953,0.0
172,9,0.26444251705892496,0.10953567703388527
173,9,0.33831806230437267,0.3383180623043726
174,9,0.33831806230437267,0.3383180623043726
175,8,0.44203385055563177,0.18309641592814457
176,8,0.33831806230437267,0.3383180623043726
177,8,-0.6589443951138523,0.2729437053058931
178,8,-1.0,1.2246467991473532e-16
179,8,-0.7071067811865475,0.7071067811865476
180,9,-0.7071067811865475,0.7071067811865476
181,10,-0.7071067811865475,0.7071067811865476
182,8,-0.9238795325112867,0.3826834323650899
183,7,6.123233995736766e-17,1.0
184,7,6.123233995736766e-17,1.0
185,8,-0.7071067811865475,0.7071067811865476
186,8,-0.7071067811865475,0.7071067811865476
187,6,-0.7071067811865475,0.7071067811865476
188,8,-0.7071067811865475,0.7071067811865476
189,8,-0.7071067811865475,0.7071067811865476
190,8,-0.9238795325112867,0.3826834323650899
191,8,-0.9238795325112867,0.3826834323650899
192,8,-0.9238795325112867,0.3826834323650899
193,7,-0.7071067811865475,0.7071067811865476
194,3,-0.9238795325112868,-0.38268343236508967
195,3,-0.7071067811865477,-0.7071067811865475
196,3,-0.7071067811865477,-0.7071067811865475
197,4,-1.0,1.2246467991473532e-16
198,4,-1.0,1.2246467991473532e-16
199,4,-1.0,1.2246467991473532e-16
200,4,-1.0,1.2246467991473532e-16
201,5,-0.9238795325112867,0.3826834323650899
202,5,-0.9238795325112867,0.3826834323650899
203,4,-0.7071067811865475,0.7071067811865476
204,4,-0.7071067811865475,0.7071067811865476
205,4,-0.7071067811865475,0.7071067811865476
206,4,-0.9238795325112867,0.3826834323650899
207,3,-0.7071067811865475,0.7071067811865476
208,4,-0.3826834323650897,0.9238795325112867
209,4,-0.3826834323650897,0.9238795325112867
210,4,6.123233995736766e-17,1.0
211,4,6.123233995736766e-17,1.0
212,4,6.123233995736766e-17,1.0
213,5,6.123233995736766e-17,1.0
214,4,6.123233995736766e-17,1.0
215,5,6.123233995736766e-17,1.0
216,6,6.123233995736766e-17,1.0
217,6,4.367312598097899e-17,0.7132362736976232
218,6,0.38268343236508984,0.9238795325112867
219,6,0.38268343236508984,0.9238795325112867
220,6,0.27294370530589307,0.6589443951138523
221,6,0.1830964159281446,0.44203385055563177
222,5,0.1830964159281446,0.44203385055563177
223,5,0.27294370530589307,0.6589443951138523
224,6,0.27294370530589307,0.6589443951138523
225,8,0.27294370530589307,0.6589443951138523
226,9,0.38268343236508984,0.9238795325112867
227,7,6.123233995736766e-17,1.0
228,6,0.38268343236508984,0.9238795325112867
229,6,6.123233995736766e-17,1.0
230,6,0.38268343236508984,0.9238795325112867
231,6,0.38268343236508984,0.9238795325112867
232,5,0.9238795325112867,0.3826834323650898
233,5,0.9238795325112867,0.3826834323650898
234,5,0.9238795325112867,0.3826834323650898
235,7,0.7071067811865476,0.7071067811865475
236,6,0.7071067811865476,0.7071067811865475
237,6,0.7071067811865476,0.7071067811865475
238,5,0.7071067811865476,0.7071067811865475
239,6,0.7071067811865476,0.7071067811865475
240,8,0.38268343236508984,0.9238795325112867
241,5,0.7071067811865476,0.7071067811865475
242,6,0.7071067811865476,0.7071067811865475
243,7,0.7071067811865476,0.7071067811865475
244,7,-0.3826834323650897,0.9238795325112867
245,1,-0.38268343236509034,-0.9238795325112865
246,1,-0.7071067811865477,-0.7071067811865475
247,2,-0.9238795325112868,-0.38268343236508967
248,2,-1.0,1.2246467991473532e-16
249,2,-0.9238795325112867,0.3826834323650899
250,3,-1.0,1.2246467991473532e-16
251,3,-0.9238795325112867,0.3826834323650899
252,3,-0.9238795325112867,0.3826834323650899
253,4,-0.9238795325112867,0.3826834323650899
254,3,-0.7071067811865475,0.7071067811865476
255,5,-0.7071067811865475,0.7071067811865476
256,5,-0.7071067811865475,0.7071067811865476
257,4,-0.3826834323650897,0.9238795325112867
258,4,-0.3826834323650897,0.9238795325112867
259,5,-0.3826834323650897,0.9238795325112867
260,5,-0.3826834323650897,0.9238795325112867
261,5,-0.3826834323650897,0.9238795325112867
262,4,6.123233995736766e-17,1.0
263,5,6.123233995736766e-17,1.0
264,6,6.123233995736766e-17,1.0
265,6,6.123233995736766e-17,1.0
266,6,6.123233995736766e-17,1.0
267,6,6.123233995736766e-17,1.0
268,7,4.367312598097899e-17,0.7132362736976232
269,8,4.367312598097899e-17,0.7132362736976232
270,9,0.38268343236508984,0.9238795325112867
271,9,0.38268343236508984,0.9238795325112867
272,10,0.27294370530589307,0.6589443951138523
273,11,1.752656437763034e-17,0.2862305178902687
274,11,0.1830964159281446,0.44203385055563177
275,12,0.38268343236508984,0.9238795325112867
276,12,0.27294370530589307,0.6589443951138523
277,14,0.38268343236508984,0.9238795325112867
278,15,0.38268343236508984,0.9238795325112867
279,14,0.7071067811865476,0.7071067811865475
280,17,0.9238795325112867,0.3826834323650898
281,17,0.9238795325112867,0.3826834323650898
282,16,0.10953567703388528,0.26444251705892496
283,0,0.7071067811865476,0.7071067811865475
284,2,-0.38268343236509034,-0.9238795325112865
285,2,-1.8369701987210297e-16,-1.0
286,2,-0.38268343236509034,-0.9238795325112865
287,2,-0.9238795325112868,-0.38268343236508967
288,3,-0.9238795325112868,-0.38268343236508967
289,4,-0.9238795325112867,0.3826834323650899
290,5,-0.9238795325112867,0.3826834323650899
291,5,-0.9238795325112867,0.3826834323650899
292,4,-0.9238795325112867,0.3826834323650899
293,3,-0.9238795325112867,0.3826834323650899
294,4,-0.7071067811865475,0.7071067811865476
295,5,-0.7071067811865475,0.7071067811865476
296,6,-0.7071067811865475,0.7071067811865476
297,7,-0.7071067811865475,0.7071067811865476
298,7,-0.9238795325112867,0.3826834323650899
299,6,-0.7071067811865475,0.7071067811865476
300,6,-0.3826834323650897,0.9238795325112867
301,7,-0.3826834323650897,0.9238795325112867
302,6,6.123233995736766e-17,1.0
303,5,6.123233995736766e-17,1.0
304,5,-0.9238795325112867,0.3826834323650899
305,4,6.123233995736766e-17,1.0
306,2,6.123233995736766e-17,1.0
307,3,6.123233995736766e-17,1.0
308,4,6.123233995736766e-17,1.0
309,4,0.38268343236508984,0.9238795325112867
310,6,0.38268343236508984,0.9238795325112867
311,6,0.38268343236508984,0.9238795325112867
312,7,0.38268343236508984,0.9238795325112867
313,8,0.38268343236508984,0.9238795325112867
314,9,0.38268343236508984,0.9238795325112867
315,10,0.38268343236508984,0.9238795325112867
316,10,0.38268343236508984,0.9238795325112867
317,9,0.7071067811865476,0.7071067811865475
318,8,0.7071067811865476,0.7071067811865475
319,9,0.38268343236508984,0.9238795325112867
320,7,0.7071067811865476,0.7071067811865475
321,6,0.7071067811865476,0.7071067811865475
322,10,0.7071067811865476,0.7071067811865475
323,12,0.7071067811865476,0.7071067811865475
324,12,0.9238795325112867,0.3826834323650898
325,14,0.9238795325112867,0.3826834323650898
326,13,0.7071067811865476,0.7071067811865475
327,9,0.7071067811865476,0.7071067811865475
328,8,0.38268343236508984,0.9238795325112867
329,5,0.38268343236508984,0.9238795325112867
330,5,6.123233995736766e-17,1.0
331,7,6.123233995736766e-17,1.0
332,3,-0.7071067811865477,-0.7071067811865475
333,2,1.0,0.0
334,2,-0.7071067811865477,-0.7071067811865475
335,2,1.0,0.0
336,1,6.123233995736766e-17,1.0
337,2,0.38268343236508984,0.9238795325112867
338,2,0.38268343236508984,0.9238795325112867
339,4,0.5043342057198138,0.5043342057198137
340,3,-1.0,1.2246467991473532e-16
341,4,-0.7071067811865477,-0.7071067811865475
342,3,-0.7071067811865477,-0.7071067811865475
343,3,-0.7071067811865477,-0.7071067811865475
344,4,-0.9238795325112867,0.3826834323650899
345,4,-1.0,1.2246467991473532e-16
346,5,-0.9238795325112867,0.3826834323650899
347,5,-0.9238795325112867,0.3826834323650899
348,6,-0.9238795325112867,0.3826834323650899
349,6,-0.7071067811865475,0.7071067811865476
350,7,-0.7071067811865475,0.7071067811865476
351,6,-0.7071067811865475,0.7071067811865476
352,5,-0.9238795325112867,0.3826834323650899
353,5,-0.9238795325112867,0.3826834323650899
354,5,-0.7071067811865475,0.7071067811865476
355,5,-0.7071067811865475,0.7071067811865476
356,4,-0.7071067811865475,0.7071067811865476
357,4,6.123233995736766e-17,1.0
358,4,-0.7071067811865475,0.7071067811865476
359,1,6.123233995736766e-17,1.0
360,1,4.367312598097899e-17,0.7132362736976232
361,1,0.38268343236508984,0.9238795325112867
362,2,0.38268343236508984,0.9238795325112867
363,3,0.38268343236508984,0.9238795325112867
364,4,0.38268343236508984,0.9238795325112867
365,4,0.38268343236508984,0.9238795325112867
366,7,0.38268343236508984,0.9238795325112867
367,7,0.38268343236508984,0.9238795325112867
368,9,0.38268343236508984,0.9238795325112867
369,11,0.38268343236508984,0.9238795325112867
370,11,0.38268343236508984,0.9238795325112867
371,10,0.38268343236508984,0.9238795325112867
372,10,0.38268343236508984,0.9238795325112867
373,10,-0.26444251705892496,0.1095356770338853
374,10,-0.6589443951138524,-0.27294370530589296
375,11,-0.27294370530589346,-0.6589443951138522
376,12,-5.2579693132891015e-17,-0.2862305178902687
377,11,0.47845399210662953,0.0
378,12,0.11904303084504313,0.04930923788201555
379,11,2.9296857498632844e-17,0.47845399210662953
380,0,0.7071067811865476,0.7071067811865475
381,4,0.9238795325112865,-0.3826834323650904
382,4,1.0,0.0
383,3,1.0,0.0
384,2,1.0,0.0
385,3,1.0,0.0
386,3,0.7071067811865476,0.7071067811865475
387,4,0.7071067811865476,0.7071067811865475
388,4,0.7071067811865476,0.7071067811865475
389,3,0.9238795325112867,0.3826834323650898
390,2,0.9238795325112867,0.3826834323650898
391,2,0.9238795325112867,0.3826834323650898
392,4,0.9238795325112867,0.3826834323650898
393,4,0.7071067811865476,0.7071067811865475
394,5,6.123233995736766e-17,1.0
395,5,0.38268343236508984,0.9238795325112867
396,5,0.9238795325112865,-0.3826834323650904
397,5,0.38268343236508984,0.9238795325112867
398,5,0.38268343236508984,0.9238795325112867
399,4,0.7071067811865476,0.7071067811865475
400,4,0.38268343236508984,0.9238795325112867
401,4,1.0,0.0
402,3,0.38268343236508984,0.9238795325112867
403,3,0.9238795325112865,-0.3826834323650904
404,4,-0.7071067811865475,0.7071067811865476
405,4,0.6589443951138522,-0.2729437053058935
406,3,0.9238795325112865,-0.3826834323650904
407,1,0.5043342057198138,0.5043342057198137
408,1,0.44203385055563177,0.18309641592814457
409,0,0.44203385055563177,0.18309641592814457
410,0,0.5043342057198138,0.5043342057198137
411,0,0.33831806230437267,0.3383180623043726
412,0,0.9238795325112867,0.3826834323650898
413,0,0.7071067811865476,0.7071067811865475
414,0,0.7071067811865476,0.7071067811865475
415,0,-0.9238795325112868,-0.38268343236508967
416,0,0.20239554018274636,-0.20239554018274647
417,0,0.9238795325112867,0.3826834323650898
418,0,-0.9238795325112868,-0.38268343236508967
419,0,-0.272943705305893,0.6589443951138523
420,0,-0.272943705305893,0.6589443951138523
421,1,-0.09111159128584871,0.09111159128584873
422,1,0.7071067811865476,0.7071067811865475
423,1,-0.26444251705892496,-0.10953567703388524
424,1,1.0,0.0
425,1,1.0,0.0
426,1,1.0,0.0
427,1,-0.9238795325112868,-0.38268343236508967
428,1,-0.9238795325112868,-0.38268343236508967
429,2,-0.9238795325112868,-0.38268343236508967
430,2,-0.9238795325112868,-0.38268343236508967
431,2,4.367312598097899e-17,0.7132362736976232
432,2,0.5043342057198137,-0.5043342057198139
433,3,-0.272943705305893,0.6589443951138523
434,4,0.7071067811865476,0.7071067811865475
435,5,-0.20239554018274647,-0.2023955401827464
436,5,-0.11904303084504314,-0.049309237882015536
437,4,0.18309641592814466,-0.4420338505556317
438,4,-0.18309641592814455,0.44203385055563177
439,4,-0.11904303084504314,-0.049309237882015536
440,4,-0.049309237882015626,-0.1190430308450431
441,4,-0.049309237882015626,-0.1190430308450431
442,4,-0.049309237882015626,-0.1190430308450431
443,3,-0.09111159128584874,-0.09111159128584871
444,4,0.0,0.0
445,3,-0.09111159128584874,-0.09111159128584871
446,3,-0.04930923788201554,0.11904303084504313
447,2,-0.09111159128584871,0.09111159128584873
448,2,-0.04930923788201554,0.11904303084504313
449,1,-0.04930923788201554,0.11904303084504313
450,3,-0.11904303084504314,-0.049309237882015536
451,2,0.5043342057198137,-0.5043342057198139
452,2,-0.272943705305893,0.6589443951138523
453,2,-0.11904303084504314,-0.049309237882015536
454,1,-0.272943705305893,0.6589443951138523
455,1,-0.11904303084504313,0.049309237882015564
456,0,-0.09111159128584871,0.09111159128584873
457,0,0.0,0.0
458,0,0.0,0.0
459,1,0.0,0.0
460,0,6.123233995736766e-17,1.0
461,0,6.123233995736766e-17,1.0
462,0,6.123233995736766e-17,1.0
463,0,6.123233995736766e-17,1.0
464,0,0.38268343236508984,0.9238795325112867
465,1,6.123233995736766e-17,1.0
466,1,-0.3383180623043726,0.33831806230437267
467,1,-0.9238795325112867,0.3826834323650899
468,2,-0.7071067811865475,0.7071067811865476
469,3,0.38268343236508984,0.9238795325112867
470,4,-0.9238795325112867,0.3826834323650899
471,4,0.7071067811865476,0.7071067811865475
472,3,0.38268343236508984,0.9238795325112867
473,3,-0.3826834323650897,0.9238795325112867
474,3,6.123233995736766e-17,1.0
475,3,6.123233995736766e-17,1.0
476,4,0.38268343236508984,0.9238795325112867
477,4,0.38268343236508984,0.9238795325112867
478,2,0.7071067811865476,0.7071067811865475
479,2,0.9238795325112867,0.3826834323650898
480,1,0.7071067811865476,0.7071067811865475
481,2,0.44203385055563177,0.18309641592814457
482,2,-0.3383180623043727,-0.3383180623043726
483,2,0.9238795325112867,0.3826834323650898
484,1,0.7071067811865476,0.7071067811865475
485,0,-0.7071067811865477,-0.7071067811865475
486,0,-0.38268343236509034,-0.9238795325112865
487,0,-1.8369701987210297e-16,-1.0
488,0,-1.8369701987210297e-16,-1.0
489,0,-0.9238795325112868,-0.38268343236508967
490,0,-0.7071067811865477,-0.7071067811865475
491,1,-0.9238795325112868,-0.38268343236508967
492,1,6.123233995736766e-17,1.0
493,1,6.123233995736766e-17,1.0
494,1,6.123233995736766e-17,1.0
495,2,0.7071067811865476,0.7071067811865475
496,2,6.123233995736766e-17,1.0
497,0,6.123233995736766e-17,1.0
498,0,0.38268343236508984,0.9238795325112867
499,0,6.123233995736766e-17,1.0
500,0,0.5043342057198137,-0.5043342057198139
501,0,-0.6589443951138523,0.2729437053058931
502,0,-0.7071067811865475,0.7071067811865476
503,0,-0.3826834323650897,0.9238795325112867
504,0,-0.7071067811865477,-0.7071067811865475
505,0,-1.8369701987210297e-16,-1.0
506,0,-0.2862305178902687,3.505312875526068e-17
507,0,-1.0,1.2246467991473532e-16
508,0,-0.3826834323650897,0.9238795325112867
509,0,-0.3826834323650897,0.9238795325112867
510,0,-0.3826834323650897,0.9238795325112867
511,0,-0.3826834323650897,0.9238795325112867
512,0,-0.9238795325112867,0.3826834323650899
513,0,-0.6589443951138523,0.2729437053058931
514,0,6.123233995736766e-17,1.0
515,0,-1.8369701987210297e-16,-1.0
516,0,-1.8369701987210297e-16,-1.0
517,0,-1.8369701987210297e-16,-1.0
518,0,6.123233995736766e-17,1.0
519,0,0.38268343236508984,0.9238795325112867
520,0,0.38268343236508984,0.9238795325112867
521,0,0.38268343236508984,0.9238795325112867
522,0,-0.38268343236509034,-0.9238795325112865
523,0,0.38268343236508984,0.9238795325112867
524,0,-0.7071067811865477,-0.7071067811865475
525,0,0.38268343236508984,0.9238795325112867
526,0,-1.8369701987210297e-16,-1.0
527,0,0.38268343236508984,0.9238795325112867
528,0,0.38268343236508984,0.9238795325112867
529,0,-1.8369701987210297e-16,-1.0
530,0,0.38268343236508984,0.9238795325112867
531,1,-1.8369701987210297e-16,-1.0
532,1,-0.38268343236509034,-0.9238795325112865
533,1,-1.8369701987210297e-16,-1.0
534,2,-1.8369701987210297e-16,-1.0
535,1,-1.8369701987210297e-16,-1.0
536,1,-1.8369701987210297e-16,-1.0
537,2,-1.8369701987210297e-16,-1.0
538,3,-0.38268343236509034,-0.9238795325112865
539,5,-0.38268343236509034,-0.9238795325112865
540,5,6.123233995736766e-17,1.0
541,3,6.123233995736766e-17,1.0
542,2,6.123233995736766e-17,1.0
543,2,6.123233995736766e-17,1.0
544,2,6.123233995736766e-17,1.0
545,1,6.123233995736766e-17,1.0
546,2,-8.789057249589852e-17,-0.47845399210662953
547,3,-0.18309641592814482,-0.44203385055563166
548,4,-0.5043342057198139,-0.5043342057198137
549,4,-0.3826834323650897,0.9238795325112867
550,4,6.123233995736766e-17,1.0
551,3,-1.8369701987210297e-16,-1.0
552,3,-1.3101937794293696e-16,-0.7132362736976232
553,3,-1.3101937794293696e-16,-0.7132362736976232
554,4,-0.38268343236509034,-0.9238795325112865
555,3,6.123233995736766e-17,1.0
556,3,6.123233995736766e-17,1.0
557,2,6.123233995736766e-17,1.0
558,2,-0.7071067811865475,0.7071067811865476
559,2,-0.3826834323650897,0.9238795325112867
560,1,-0.7071067811865475,0.7071067811865476
561,1,-0.7071067811865475,0.7071067811865476
562,0,-0.7071067811865475,0.7071067811865476
563,0,-0.7071067811865475,0.7071067811865476
564,0,-0.9238795325112867,0.3826834323650899
565,0,-0.7071067811865475,0.7071067811865476
566,0,-0.7071067811865475,0.7071067811865476
567,0,-0.7071067811865475,0.7071067811865476
568,0,-0.9238795325112867,0.3826834323650899
569,0,-0.9238795325112867,0.3826834323650899
570,0,-0.9238795325112867,0.3826834323650899
571,0,-0.38268343236509034,-0.9238795325112865
572,0,-0.38268343236509034,-0.9238795325112865
573,0,-0.38268343236509034,-0.9238795325112865
574,0,-0.38268343236509034,-0.9238795325112865
575,0,-0.38268343236509034,-0.9238795325112865
576,0,-0.7071067811865477,-0.7071067811865475
577,0,-1.8369701987210297e-16,-1.0
578,0,-0.9238795325112868,-0.38268343236508967
579,0,-0.7071067811865477,-0.7071067811865475
580,0,0.38268343236508984,0.9238795325112867
581,0,0.9238795325112865,-0.3826834323650904
582,0,0.9238795325112865,-0.3826834323650904
583,0,0.7071067811865474,-0.7071067811865477
584,0,0.7071067811865474,-0.7071067811865477
585,0,-1.8369701987210297e-16,-1.0
586,0,-0.7071067811865477,-0.7071067811865475
587,1,-0.9238795325112868,-0.38268343236508967
588,0,-0.9238795325112868,-0.38268343236508967
589,1,-0.9238795325112868,-0.38268343236508967
590,1,0.38268343236508984,0.9238795325112867
591,1,0.38268343236508984,0.9238795325112867
592,2,-0.9238795325112868,-0.38268343236508967
593,1,0.38268343236508984,0.9238795325112867
594,1,-0.9238795325112868,-0.38268343236508967
595,1,0.38268343236508984,0.9238795325112867
596,1,0.1830964159281446,0.44203385055563177
597,1,2.9296857498632844e-17,0.47845399210662953
598,1,-0.7071067811865477,-0.7071067811865475
599,1,0.38268343236508984,0.9238795325112867
600,0,0.9238795325112865,-0.3826834323650904
601,1,-0.7071067811865477,-0.7071067811865475
602,1,-0.7071067811865477,-0.7071067811865475
603,1,0.38268343236508984,0.9238795325112867
604,2,0.38268343236508984,0.9238795325112867
605,1,0.38268343236508984,0.9238795325112867
606,1,0.9238795325112865,-0.3826834323650904
607,2,0.9238795325112865,-0.3826834323650904
608,2,0.7071067811865474,-0.7071067811865477
609,3,0.7071067811865474,-0.7071067811865477
610,3,-1.8369701987210297e-16,-1.0
611,4,0.38268343236509,-0.9238795325112866
612,4,-0.7071067811865477,-0.7071067811865475
613,4,-1.8369701987210297e-16,-1.0
614,4,-1.8369701987210297e-16,-1.0
615,4,-1.8369701987210297e-16,-1.0
616,6,-0.38268343236509034,-0.9238795325112865
617,6,-1.0,1.2246467991473532e-16
618,5,-1.0,1.2246467991473532e-16
619,2,-0.9238795325112868,-0.38268343236508967
620,2,-0.7071067811865477,-0.7071067811865475
621,1,-0.7071067811865477,-0.7071067811865475
622,3,-0.9238795325112867,0.3826834323650899
623,3,-0.9238795325112867,0.3826834323650899
624,3,-0.9238795325112868,-0.38268343236508967
625,3,-0.9238795325112867,0.3826834323650899
626,4,-0.9238795325112867,0.3826834323650899
627,4,-0.9238795325112867,0.3826834323650899
628,4,-0.7071067811865475,0.7071067811865476
629,3,-0.7071067811865475,0.7071067811865476
630,3,-0.7071067811865475,0.7071067811865476
631,3,-0.9238795325112867,0.3826834323650899
632,3,-0.3826834323650897,0.9238795325112867
633,3,-0.3826834323650897,0.9238795325112867
634,4,-0.3826834323650897,0.9238795325112867
635,3,6.123233995736766e-17,1.0
636,3,6.123233995736766e-17,1.0
637,3,-0.3826834323650897,0.9238795325112867
638,6,6.123233995736766e-17,1.0
639,7,6.123233995736766e-17,1.0
640,7,6.123233995736766e-17,1.0
641,8,6.123233995736766e-17,1.0
642,9,2.9296857498632844e-17,0.47845399210662953
643,8,0.38268343236508984,0.9238795325112867
644,7,0.38268343236508984,0.9238795325112867
645,8,0.38268343236508984,0.9238795325112867
646,8,0.38268343236508984,0.9238795325112867
647,8,0.38268343236508984,0.9238795325112867
648,8,0.38268343236508984,0.9238795325112867
649,9,0.38268343236508984,0.9238795325112867
650,10,0.38268343236508984,0.9238795325112867
651,8,6.123233995736766e-17,1.0
652,9,0.44203385055563166,-0.18309641592814485
653,8,6.123233995736766e-17,1.0
654,7,0.38268343236508984,0.9238795325112867
655,8,0.38268343236508984,0.9238795325112867
656,8,0.38268343236508984,0.9238795325112867
657,9,6.123233995736766e-17,1.0
658,8,0.7071067811865474,-0.7071067811865477
659,8,6.123233995736766e-17,1.0
660,8,0.38268343236508984,0.9238795325112867
661,7,0.7071067811865474,-0.7071067811865477
662,7,1.0,0.0
663,5,1.0,0.0
664,4,1.0,0.0
665,2,1.0,0.0
666,3,0.7071067811865476,0.7071067811865475
667,3,0.38268343236508984,0.9238795325112867
668,3,6.123233995736766e-17,1.0
669,3,6.123233995736766e-17,1.0
670,2,6.123233995736766e-17,1.0
671,3,6.123233995736766e-17,1.0
672,1,-0.7071067811865477,-0.7071067811865475
673,1,-0.7071067811865477,-0.7071067811865475
674,2,-0.7071067811865477,-0.7071067811865475
675,3,-0.9238795325112867,0.3826834323650899
676,3,-0.9238795325112867,0.3826834323650899
677,3,-1.0,1.2246467991473532e-16
678,3,-0.9238795325112867,0.3826834323650899
679,3,-1.0,1.2246467991473532e-16
680,3,-0.9238795325112867,0.3826834323650899
681,4,-0.7071067811865475,0.7071067811865476
682,4,-0.7071067811865475,0.7071067811865476
683,4,-0.7071067811865475,0.7071067811865476
684,5,-0.3826834323650897,0.9238795325112867
685,5,-0.3826834323650897,0.9238795325112867
686,5,-0.3826834323650897,0.9238795325112867
687,5,-0.3826834323650897,0.9238795325112867
688,7,-0.3826834323650897,0.9238795325112867
689,8,6.123233995736766e-17,1.0
690,7,6.123233995736766e-17,1.0
691,7,6.123233995736766e-17,1.0
692,8,6.123233995736766e-17,1.0
693,8,6.123233995736766e-17,1.0
694,8,6.123233995736766e-17,1.0
695,9,4.367312598097899e-17,0.7132362736976232
696,10,4.367312598097899e-17,0.7132362736976232
697,10,0.38268343236508984,0.9238795325112867
698,11,0.38268343236508984,0.9238795325112867
699,11,-0.18309641592814455,0.44203385055563177
700,9,-0.27294370530589346,-0.6589443951138522
701,8,-1.3101937794293696e-16,-0.7132362736976232
702,5,0.38268343236508984,0.9238795325112867
703,3,0.27294370530589307,0.6589443951138523
704,6,0.38268343236508984,0.9238795325112867
705,8,0.38268343236508984,0.9238795325112867
706,8,0.38268343236508984,0.9238795325112867
707,10,0.38268343236508984,0.9238795325112867
708,10,6.123233995736766e-17,1.0
709,10,0.6589443951138523,0.27294370530589307
710,10,0.27294370530589307,0.6589443951138523
711,9,6.123233995736766e-17,1.0
712,9,0.38268343236508984,0.9238795325112867
713,8,-0.4420338505556318,-0.18309641592814452
714,9,0.38268343236508984,0.9238795325112867
715,8,1.0,0.0
716,8,0.7071067811865476,0.7071067811865475
717,7,-1.8369701987210297e-16,-1.0
718,7,1.0,0.0
719,7,0.7071067811865476,0.7071067811865475
720,7,0.7071067811865476,0.7071067811865475
721,6,0.38268343236508984,0.9238795325112867
722,7,0.7071067811865476,0.7071067811865475
723,8,0.7071067811865476,0.7071067811865475
724,8,0.7071067811865476,0.7071067811865475
725,8,0.7071067811865476,0.7071067811865475
726,8,0.7071067811865476,0.7071067811865475
727,7,0.38268343236508984,0.9238795325112867
728,4,-0.9238795325112868,-0.38268343236508967
729,3,-0.7071067811865477,-0.7071067811865475
730,3,-0.7071067811865477,-0.7071067811865475
731,2,-1.0,1.2246467991473532e-16
732,2,-0.9238795325112867,0.3826834323650899
733,2,-0.9238795325112867,0.3826834323650899
734,1,-0.9238795325112867,0.3826834323650899
735,1,-1.0,1.2246467991473532e-16
736,3,-0.9238795325112867,0.3826834323650899
737,2,-0.7071067811865475,0.7071067811865476
738,3,-0.7071067811865475,0.7071067811865476
739,3,-0.7071067811865475,0.7071067811865476
740,2,-0.9238795325112867,0.3826834323650899
741,1,-0.9238795325112867,0.3826834323650899
742,2,-0.7071067811865475,0.7071067811865476
743,2,-0.7071067811865475,0.7071067811865476
744,2,-0.7071067811865475,0.7071067811865476
745,2,-0.7071067811865475,0.7071067811865476
746,2,6.123233995736766e-17,1.0
747,2,6.123233995736766e-17,1.0
748,4,0.38268343236508984,0.9238795325112867
749,4,6.123233995736766e-17,1.0
750,4,0.38268343236508984,0.9238795325112867
751,4,0.38268343236508984,0.9238795325112867
752,5,0.38268343236508984,0.9238795325112867
753,6,0.38268343236508984,0.9238795325112867
754,5,0.38268343236508984,0.9238795325112867
755,7,0.38268343236508984,0.9238795325112867
756,8,0.38268343236508984,0.9238795325112867
757,9,0.7071067811865476,0.7071067811865475
758,11,0.38268343236508984,0.9238795325112867
759,11,0.38268343236508984,0.9238795325112867
760,10,0.7071067811865476,0.7071067811865475
761,10,0.38268343236508984,0.9238795325112867
762,10,0.44203385055563166,-0.18309641592814485
763,11,0.18309641592814466,-0.4420338505556317
764,12,-0.272943705305893,0.6589443951138523
765,11,0.7071067811865476,0.7071067811865475
766,10,0.9238795325112867,0.3826834323650898
767,9,0.9238795325112867,0.3826834323650898
768,9,0.7071067811865476,0.7071067811865475
769,9,-0.18309641592814482,-0.44203385055563166
770,9,-0.6589443951138523,0.2729437053058931
771,8,-0.272943705305893,0.6589443951138523
772,8,-0.27294370530589346,-0.6589443951138522
773,8,-0.5043342057198137,0.5043342057198138
774,8,0.38268343236508984,0.9238795325112867
775,10,0.9238795325112867,0.3826834323650898
776,10,0.9238795325112867,0.3826834323650898
777,11,0.9238795325112867,0.3826834323650898
778,9,0.7071067811865476,0.7071067811865475
779,10,0.7071067811865476,0.7071067811865475
780,10,0.7071067811865476,0.7071067811865475
781,7,0.7071067811865476,0.7071067811865475
782,8,0.7071067811865476,0.7071067811865475
783,7,0.38268343236508984,0.9238795325112867
784,6,-0.3826834323650897,0.9238795325112867
785,5,0.38268343236508984,0.9238795325112867
786,2,-0.7071067811865477,-0.7071067811865475
787,2,-0.38268343236509034,-0.9238795325112865
788,2,-0.9238795325112868,-0.38268343236508967
789,3,-1.0,1.2246467991473532e-16
790,4,-1.0,1.2246467991473532e-16
791,5,-1.0,1.2246467991473532e-16
792,5,-1.0,1.2246467991473532e-16
793,5,-0.9238795325112867,0.3826834323650899
794,4,-0.9238795325112867,0.3826834323650899
795,4,-0.7071067811865475,0.7071067811865476
796,3,-0.7071067811865475,0.7071067811865476
797,3,-0.7071067811865475,0.7071067811865476
798,4,-0.7071067811865475,0.7071067811865476
799,4,-0.3826834323650897,0.9238795325112867
800,4,-0.3826834323650897,0.9238795325112867
801,4,-0.3826834323650897,0.9238795325112867
802,4,-0.3826834323650897,0.9238795325112867
803,4,-0.3826834323650897,0.9238795325112867
804,3,-0.3826834323650897,0.9238795325112867
805,5,6.123233995736766e-17,1.0
806,5,6.123233995736766e-17,1.0
807,6,6.123233995736766e-17,1.0
808,5,6.123233995736766e-17,1.0
809,5,0.38268343236508984,0.9238795325112867
810,7,0.38268343236508984,0.9238795325112867
811,8,0.38268343236508984,0.9238795325112867
812,6,0.38268343236508984,0.9238795325112867
813,7,0.38268343236508984,0.9238795325112867
814,9,0.38268343236508984,0.9238795325112867
815,10,0.38268343236508984,0.9238795325112867
816,10,0.27294370530589307,0.6589443951138523
817,10,0.27294370530589307,0.6589443951138523
818,9,4.367312598097899e-17,0.7132362736976232
819,9,4.367312598097899e-17,0.7132362736976232
820,9,6.123233995736766e-17,1.0
821,8,-1.8369701987210297e-16,-1.0
822,6,-1.8369701987210297e-16,-1.0
823,8,-1.8369701987210297e-16,-1.0
824,8,-1.8369701987210297e-16,-1.0
825,8,-1.8369701987210297e-16,-1.0
826,7,-0.7071067811865477,-0.7071067811865475
827,7,-0.38268343236509034,-0.9238795325112865
828,5,-0.38268343236509034,-0.9238795325112865
829,3,-1.3101937794293696e-16,-0.7132362736976232
830,3,-0.18309641592814482,-0.44203385055563166
831,3,-0.18309641592814482,-0.44203385055563166
832,3,-0.272943705305893,0.6589443951138523
833,3,4.367312598097899e-17,0.7132362736976232
834,4,7.88986342672337e-18,0.12885124808584156
835,5,0.38268343236508984,0.9238795325112867
836,5,-0.272943705305893,0.6589443951138523
837,7,0.38268343236508984,0.9238795325112867
838,7,0.38268343236508984,0.9238795325112867
839,8,0.38268343236508984,0.9238795325112867
840,8,0.38268343236508984,0.9238795325112867
841,8,6.123233995736766e-17,1.0
842,8,6.123233995736766e-17,1.0
843,7,6.123233995736766e-17,1.0
844,6,0.38268343236508984,0.9238795325112867
845,6,0.38268343236508984,0.9238795325112867
846,7,0.38268343236508984,0.9238795325112867
847,8,0.38268343236508984,0.9238795325112867
848,7,6.123233995736766e-17,1.0
849,7,0.38268343236508984,0.9238795325112867
850,6,0.38268343236508984,0.9238795325112867
851,1,0.7071067811865474,-0.7071067811865477
852,3,0.9238795325112865,-0.3826834323650904
853,3,0.9238795325112865,-0.3826834323650904
854,3,1.0,0.0
855,3,0.9238795325112867,0.3826834323650898
856,3,1.0,0.0
857,3,0.9238795325112867,0.3826834323650898
858,2,0.9238795325112867,0.3826834323650898
859,2,0.9238795325112867,0.3826834323650898
860,1,0.7071067811865476,0.7071067811865475
861,1,0.9238795325112867,0.3826834323650898
862,1,0.9238795325112867,0.3826834323650898
863,1,0.9238795325112867,0.3826834323650898
864,1,0.7071067811865476,0.7071067811865475
865,0,0.7071067811865476,0.7071067811865475
866,1,0.38268343236508984,0.9238795325112867
867,3,0.38268343236508984,0.9238795325112867
868,3,0.7071067811865476,0.7071067811865475
869,2,0.9238795325112867,0.3826834323650898
870,2,6.123233995736766e-17,1.0
871,2,1.0,0.0
872,3,0.7132362736976232,0.0
873,2,0.7132362736976232,0.0
874,2,0.5043342057198138,0.5043342057198137
875,2,0.38268343236508984,0.9238795325112867
876,2,0.47845399210662953,0.0
877,1,0.27294370530589307,0.6589443951138523
878,2,0.6589443951138523,0.27294370530589307
879,1,0.1830964159281446,0.44203385055563177
880,2,0.26444251705892496,0.10953567703388527
881,2,0.10953567703388528,0.26444251705892496
882,2,2.9296857498632844e-17,0.47845399210662953
883,2,2.9296857498632844e-17,0.47845399210662953
884,2,2.9296857498632844e-17,0.47845399210662953
885,3,2.9296857498632844e-17,0.47845399210662953
886,3,1.752656437763034e-17,0.2862305178902687
887,2,1.752656437763034e-17,0.2862305178902687
888,3,1.752656437763034e-17,0.2862305178902687
889,4,-0.04930923788201554,0.11904303084504313
890,5,7.88986342672337e-18,0.12885124808584156
891,4,0.04930923788201556,0.11904303084504313
892,3,0.7071067811865476,0.7071067811865475
893,3,0.7071067811865476,0.7071067811865475
894,2,0.38268343236508984,0.9238795325112867
895,2,0.38268343236508984,0.9238795325112867
896,3,6.123233995736766e-17,1.0
897,3,4.367312598097899e-17,0.7132362736976232
898,3,-1.0,1.2246467991473532e-16
899,4,-1.0,1.2246467991473532e-16
900,5,0.7071067811865476,0.7071067811865475
901,3,-0.272943705305893,0.6589443951138523
902,2,0.7071067811865476,0.7071067811865475
903,2,0.9238795325112865,-0.3826834323650904
904,4,-1.0,1.2246467991473532e-16
905,4,0.9238795325112867,0.3826834323650898
906,2,0.9238795325112867,0.3826834323650898
907,1,0.2644425170589249,-0.10953567703388545
908,1,0.33831806230437256,-0.3383180623043727
909,1,0.33831806230437256,-0.3383180623043727
910,1,-0.7071067811865477,-0.7071067811865475
911,0,0.5043342057198138,0.5043342057198137
912,1,0.2862305178902687,0.0
913,1,0.20239554018274641,0.2023955401827464
914,0,4.367312598097899e-17,0.7132362736976232
915,0,1.752656437763034e-17,0.2862305178902687
916,0,-0.272943705305893,0.6589443951138523
917,0,0.33831806230437267,0.3383180623043726
918,0,0.38268343236508984,0.9238795325112867
919,0,0.38268343236508984,0.9238795325112867
920,0,0.7071067811865474,-0.7071067811865477
921,0,-0.27294370530589346,-0.6589443951138522
922,0,-1.0,1.2246467991473532e-16
923,0,6.123233995736766e-17,1.0
924,1,6.123233995736766e-17,1.0
925,0,-0.9238795325112868,-0.38268343236508967
926,0,0.38268343236508984,0.9238795325112867
927,0,0.38268343236508984,0.9238795325112867
928,0,4.367312598097899e-17,0.7132362736976232
929,0,0.38268343236508984,0.9238795325112867
930,0,0.38268343236508984,0.9238795325112867
931,0,0.38268343236508984,0.9238795325112867
932,0,0.7071067811865476,0.7071067811865475
933,0,0.7071067811865476,0.7071067811865475
934,0,0.9238795325112867,0.3826834323650898
935,0,0.04930923788201556,0.11904303084504313
936,0,-0.2023955401827464,0.20239554018274641
937,0,-1.0,1.2246467991473532e-16
938,0,-0.9238795325112867,0.3826834323650899
939,0,0.1830964159281446,0.44203385055563177
940,0,0.38268343236508984,0.9238795325112867
941,0,6.123233995736766e-17,1.0
942,0,0.38268343236508984,0.9238795325112867
943,0,0.38268343236508984,0.9238795325112867
944,0,0.09111159128584873,0.09111159128584871
945,0,0.38268343236509,-0.9238795325112866
946,0,0.38268343236509,-0.9238795325112866
947,0,0.33831806230437256,-0.3383180623043727
948,0,0.20239554018274641,0.2023955401827464
949,0,-0.3383180623043726,0.33831806230437267
950,0,-0.5043342057198137,0.5043342057198138
951,0,-0.7071067811865475,0.7071067811865476
952,0,-0.3383180623043726,0.33831806230437267
953,0,-0.2023955401827464,0.20239554018274641
954,0,-0.3383180623043727,-0.3383180623043726
955,0,-1.8369701987210297e-16,-1.0
956,0,-0.5043342057198139,-0.5043342057198137
957,0,-0.4420338505556318,-0.18309641592814452
958,0,-1.8369701987210297e-16,-1.0
959,0,-0.3383180623043727,-0.3383180623043726
960,0,-0.44203385055563177,0.18309641592814463
961,0,-0.38268343236509034,-0.9238795325112865
962,1,-0.38268343236509034,-0.9238795325112865
963,0,-1.0,1.2246467991473532e-16
964,0,0.1830964159281446,0.44203385055563177
965,1,-0.7132362736976232,8.734625196195798e-17
966,1,-1.0,1.2246467991473532e-16
967,1,-0.9238795325112867,0.3826834323650899
968,2,-1.0,1.2246467991473532e-16
969,2,-1.0,1.2246467991473532e-16
970,3,-1.0,1.2246467991473532e-16
971,3,-0.3826834323650897,0.9238795325112867
972,3,-0.3826834323650897,0.9238795325112867
973,2,4.367312598097899e-17,0.7132362736976232
974,3,-1.0,1.2246467991473532e-16
975,3,-0.4420338505556318,-0.18309641592814452
976,3,-0.20239554018274647,-0.2023955401827464
977,4,-0.7071067811865475,0.7071067811865476
978,3,6.123233995736766e-17,1.0
979,3,6.123233995736766e-17,1.0
980,3,6.123233995736766e-17,1.0
981,2,-0.5043342057198139,-0.5043342057198137
982,2,-0.5043342057198137,0.5043342057198138
983,3,-0.27294370530589346,-0.6589443951138522
984,3,-0.7071067811865475,0.7071067811865476
985,2,0.1830964159281446,0.44203385055563177
986,1,-0.3826834323650897,0.9238795325112867
987,1,-0.3826834323650897,0.9238795325112867
988,2,-0.3826834323650897,0.9238795325112867
989,3,0.33831806230437256,-0.3383180623043727
990,3,0.20239554018274636,-0.20239554018274647
991,3,0.2644425170589249,-0.10953567703388545
992,4,0.44203385055563177,0.18309641592814457
993,2,-0.7071067811865475,0.7071067811865476
994,1,-0.7071067811865475,0.7071067811865476
995,1,-0.7071067811865475,0.7071067811865476
996,1,-0.9238795325112867,0.3826834323650899
997,0,-0.9238795325112867,0.3826834323650899
998,0,-0.7071067811865475,0.7071067811865476
999,0,-0.7071067811865475,0.7071067811865476
1000,0,-0.3826834323650897,0.9238795325112867
1001,0,2.9296857498632844e-17,0.47845399210662953
1002,0,2.9296857498632844e-17,0.47845399210662953
1003,0,4.367312598097899e-17,0.7132362736976232
1004,0,6.123233995736766e-17,1.0
1005,0,6.123233995736766e-17,1.0
1006,0,0.38268343236508984,0.9238795325112867
1007,0,6.123233995736766e-17,1.0
1008,0,6.123233995736766e-17,1.0
1009,0,0.9238795325112865,-0.3826834323650904
1010,0,1.0,0.0
1011,0,0.9238795325112867,0.3826834323650898
1012,0,0.2862305178902687,0.0
1013,0,0.27294370530589324,-0.6589443951138522
1014,0,0.26444251705892496,0.10953567703388527
1015,0,-0.2862305178902687,3.505312875526068e-17
1016,0,-0.18309641592814455,0.44203385055563177
1017,0,-0.18309641592814455,0.44203385055563177
1018,0,6.123233995736766e-17,1.0
1019,0,-0.2862305178902687,3.505312875526068e-17
1020,0,0.10953567703388528,0.26444251705892496
1021,0,-0.12885124808584156,1.577972685344674e-17
1022,0,0.10953567703388528,0.26444251705892496
1023,0,0.10953567703388528,0.26444251705892496
1024,0,-0.10953567703388542,-0.2644425170589249
1025,0,-0.38268343236509034,-0.9238795325112865
1026,0,-0.38268343236509034,-0.9238795325112865
1027,0,0.38268343236508984,0.9238795325112867
1028,0,-0.18309641592814482,-0.44203385055563166
1029,0,0.04930923788201556,0.11904303084504313
1030,0,0.26444251705892496,0.10953567703388527
1031,0,0.20239554018274636,-0.20239554018274647
1032,0,0.20239554018274636,-0.20239554018274647
1033,0,0.5043342057198138,0.5043342057198137
1034,0,0.20239554018274636,-0.20239554018274647
1035,0,-0.5043342057198139,-0.5043342057198137
1036,0,2.9296857498632844e-17,0.47845399210662953
1037,0,0.9238795325112867,0.3826834323650898
1038,0,0.04930923788201556,0.11904303084504313
1039,0,-1.0,1.2246467991473532e-16
1040,0,-0.7071067811865477,-0.7071067811865475
1041,0,-0.5043342057198139,-0.5043342057198137
1042,0,0.27294370530589307,0.6589443951138523
1043,0,2.9296857498632844e-17,0.47845399210662953
1044,0,0.27294370530589307,0.6589443951138523
1045,0,0.1830964159281446,0.44203385055563177
1046,0,0.27294370530589307,0.6589443951138523
1047,0,-0.5043342057198139,-0.5043342057198137
1048,0,2.9296857498632844e-17,0.47845399210662953
1049,0,-0.38268343236509034,-0.9238795325112865
1050,0,-0.38268343236509034,-0.9238795325112865
1051,0,1.752656437763034e-17,0.2862305178902687
1052,0,4.367312598097899e-17,0.7132362736976232
1053,0,-0.38268343236509034,-0.9238795325112865
1054,0,-1.0,1.2246467991473532e-16
1055,0,0.7071067811865474,-0.7071067811865477
1056,0,0.44203385055563166,-0.18309641592814485
1057,0,0.2862305178902687,0.0
1058,0,0.10953567703388534,-0.2644425170589249
1059,0,0.47845399210662953,0.0
1060,0,-0.5043342057198139,-0.5043342057198137
1061,0,2.9296857498632844e-17,0.47845399210662953
1062,0,0.38268343236509,-0.9238795325112866
1063,0,-0.9238795325112867,0.3826834323650899
1064,0,0.7071067811865474,-0.7071067811865477
1065,0,0.7071067811865474,-0.7071067811865477
1066,0,0.6589443951138522,-0.2729437053058935
1067,0,0.2862305178902687,0.0
1068,0,-0.9238795325112867,0.3826834323650899
1069,0,-0.9238795325112867,0.3826834323650899
1070,0,-0.9238795325112867,0.3826834323650899
1071,0,-0.9238795325112867,0.3826834323650899
1072,0,-1.0,1.2246467991473532e-16
1073,0,-0.9238795325112867,0.3826834323650899
1074,0,-0.9238795325112867,0.3826834323650899
1075,0,0.38268343236508984,0.9238795325112867
1076,0,1.0,0.0
1077,0,0.7071067811865476,0.7071067811865475
1078,0,0.38268343236508984,0.9238795325112867
1079,0,0.38268343236509,-0.9238795325112866
1080,0,-0.3826834323650897,0.9238795325112867
1081,0,0.38268343236509,-0.9238795325112866
1082,0,-0.3826834323650897,0.9238795325112867
1083,0,0.38268343236509,-0.9238795325112866
1084,0,-0.3826834323650897,0.9238795325112867
1085,0,0.38268343236509,-0.9238795325112866
1086,0,-0.3826834323650897,0.9238795325112867
1087,0,0.38268343236509,-0.9238795325112866
1088,0,-0.3826834323650897,0.9238795325112867
1089,0,0.38268343236509,-0.9238795325112866
1090,0,-0.3826834323650897,0.9238795325112867
1091,0,0.38268343236509,-0.9238795325112866
1092,0,-0.3826834323650897,0.9238795325112867
1093,0,0.38268343236509,-0.9238795325112866
1094,0,-0.3826834323650897,0.9238795325112867
1095,0,0.38268343236509,-0.9238795325112866
1096,0,0.9238795325112865,-0.3826834323650904
1097,0,1.0,0.0
1098,0,0.6589443951138522,-0.2729437053058935
1099,0,0.6589443951138522,-0.2729437053058935
1100,0,0.6589443951138523,0.27294370530589307
1101,0,-8.789057249589852e-17,-0.47845399210662953
1102,0,0.33831806230437267,0.3383180623043726
1103,0,0.44203385055563166,-0.18309641592814485
1104,0,-0.9238795325112867,0.3826834323650899
1105,0,0.33831806230437256,-0.3383180623043727
1106,0,0.10953567703388528,0.26444251705892496
1107,0,-0.26444251705892496,-0.10953567703388524
1108,0,0.1830964159281446,0.44203385055563177
1109,0,-0.6589443951138524,-0.27294370530589296
1110,0,7.88986342672337e-18,0.12885124808584156
1111,0,0.0,0.0
1112,0,0.20239554018274641,0.2023955401827464
1113,0,-0.272943705305893,0.6589443951138523
1114,0,-0.272943705305893,0.6589443951138523
1115,0,-0.20239554018274647,-0.2023955401827464
1116,0,0.10953567703388528,0.26444251705892496
1117,0,7.88986342672337e-18,0.12885124808584156
1118,0,0.33831806230437267,0.3383180623043726
1119,0,0.2644425170589249,-0.10953567703388545
1120,0,0.6589443951138522,-0.2729437053058935
1121,0,0.38268343236508984,0.9238795325112867
1122,0,0.27294370530589307,0.6589443951138523
1123,0,6.123233995736766e-17,1.0
1124,0,0.0911115912858487,-0.09111159128584874
1125,0,-0.11904303084504313,0.049309237882015564
1126,0,-0.7071067811865477,-0.7071067811865475
1127,0,-1.0,1.2246467991473532e-16
1128,0,0.33831806230437256,-0.3383180623043727
1129,0,0.2644425170589249,-0.10953567703388545
1130,0,1.0,0.0
1131,0,0.2644425170589249,-0.10953567703388545
1132,0,0.38268343236508984,0.9238795325112867
1133,0,0.6589443951138522,-0.2729437053058935
1134,0,0.27294370530589307,0.6589443951138523
1135,0,-0.272943705305893,0.6589443951138523
1136,0,-0.7071067811865477,-0.7071067811865475
1137,0,-0.9238795325112868,-0.38268343236508967
1138,0,-0.9238795325112868,-0.38268343236508967
1139,0,-0.9238795325112868,-0.38268343236508967
1140,0,0.1830964159281446,0.44203385055563177
1141,0,0.6589443951138522,-0.2729437053058935
1142,0,-0.9238795325112867,0.3826834323650899
1143,0,0.0,0.0
1144,0,0.0,0.0
1145,0,0.0,0.0
1146,0,0.0,0.0
1147,0,1.0,0.0
1148,0,0.1830964159281446,0.44203385055563177
1149,0,2.9296857498632844e-17,0.47845399210662953
1150,0,-0.18309641592814455,0.44203385055563177
1151,0,2.9296857498632844e-17,0.47845399210662953
1152,0,-0.18309641592814455,0.44203385055563177
1153,0,-0.6589443951138524,-0.27294370530589296
1154,0,-0.9238795325112868,-0.38268343236508967
1155,0,-0.2023955401827464,0.20239554018274641
1156,0,-5.2579693132891015e-17,-0.2862305178902687
1157,0,0.5043342057198138,0.5043342057198137
1158,0,0.1190430308450431,-0.04930923788201563
1159,0,0.2862305178902687,0.0
1160,0,0.44203385055563177,0.18309641592814457
1161,0,0.1190430308450431,-0.04930923788201563
1162,0,0.38268343236508984,0.9238795325112867
1163,0,0.2862305178902687,0.0
1164,0,0.18309641592814466,-0.4420338505556317
1165,0,-0.11904303084504314,-0.049309237882015536
1166,0,1.0,0.0
1167,0,-0.18309641592814482,-0.44203385055563166
1168,0,0.38268343236509,-0.9238795325112866
1169,0,-1.8369701987210297e-16,-1.0
1170,0,-0.7071067811865477,-0.7071067811865475
1171,0,-0.9238795325112868,-0.38268343236508967
1172,0,-0.9238795325112867,0.3826834323650899
1173,0,-1.0,1.2246467991473532e-16
1174,0,-0.9238795325112867,0.3826834323650899
1175,0,0.5043342057198138,0.5043342057198137
1176,0,0.7071067811865476,0.7071067811865475
1177,0,0.26444251705892496,0.10953567703388527
1178,0,0.18309641592814466,-0.4420338505556317
1179,0,0.5043342057198138,0.5043342057198137
1180,0,0.11904303084504313,0.04930923788201555
1181,0,0.5043342057198138,0.5043342057198137
1182,0,0.20239554018274641,0.2023955401827464
1183,0,-0.18309641592814455,0.44203385055563177
1184,0,-1.0,1.2246467991473532e-16
1185,0,0.5043342057198138,0.5043342057198137
1186,0,7.88986342672337e-18,0.12885124808584156
1187,0,0.04930923788201556,0.11904303084504313
1188,0,-0.04930923788201554,0.11904303084504313
1189,0,-0.27294370530589346,-0.6589443951138522
1190,0,1.752656437763034e-17,0.2862305178902687
1191,0,0.38268343236509,-0.9238795325112866
1192,0,-1.8369701987210297e-16,-1.0
1193,0,-0.18309641592814482,-0.44203385055563166
1194,0,0.27294370530589324,-0.6589443951138522
1195,0,0.44203385055563177,0.18309641592814457
1196,0,2.9296857498632844e-17,0.47845399210662953
1197,0,-1.8369701987210297e-16,-1.0
1198,0,0.27294370530589307,0.6589443951138523
1199,0,-1.8369701987210297e-16,-1.0
1200,0,-1.8369701987210297e-16,-1.0
1201,0,0.38268343236509,-0.9238795325112866
1202,0,0.27294370530589307,0.6589443951138523
1203,0,-0.2023955401827464,0.20239554018274641
1204,0,0.38268343236508984,0.9238795325112867
1205,0,-0.18309641592814455,0.44203385055563177
1206,0,-0.272943705305893,0.6589443951138523
1207,0,-1.0,1.2246467991473532e-16
1208,0,0.1190430308450431,-0.04930923788201563
1209,0,0.44203385055563166,-0.18309641592814485
1210,0,0.27294370530589324,-0.6589443951138522
1211,0,-1.8369701987210297e-16,-1.0
1212,0,-1.8369701987210297e-16,-1.0
1213,0,0.27294370530589307,0.6589443951138523
1214,0,-1.8369701987210297e-16,-1.0
1215,0,-0.9238795325112867,0.3826834323650899
1216,0,-0.5043342057198139,-0.5043342057198137
1217,0,-0.7071067811865477,-0.7071067811865475
1218,0,-0.7071067811865477,-0.7071067811865475
1219,0,-0.38268343236509034,-0.9238795325112865
1220,0,0.27294370530589307,0.6589443951138523
1221,0,0.27294370530589307,0.6589443951138523
1222,0,0.27294370530589307,0.6589443951138523
1223,0,0.27294370530589307,0.6589443951138523
1224,0,0.27294370530589307,0.6589443951138523
1225,0,0.38268343236509,-0.9238795325112866
1226,0,-0.38268343236509034,-0.9238795325112865
1227,0,0.27294370530589307,0.6589443951138523
1228,0,0.38268343236509,-0.9238795325112866
1229,0,-0.18309641592814482,-0.44203385055563166
1230,0,0.5043342057198138,0.5043342057198137
1231,0,0.26444251705892496,0.10953567703388527
1232,0,-0.5043342057198139,-0.5043342057198137
1233,0,-1.0,1.2246467991473532e-16
1234,0,-0.9238795325112867,0.3826834323650899
1235,0,-0.9238795325112867,0.3826834323650899
1236,0,0.9238795325112865,-0.3826834323650904
1237,0,0.9238795325112865,-0.3826834323650904
1238,0,0.6589443951138522,-0.2729437053058935
1239,0,0.38268343236509,-0.9238795325112866
1240,0,0.10953567703388528,0.26444251705892496
1241,0,0.5043342057198138,0.5043342057198137
1242,0,0.2862305178902687,0.0
1243,0,0.20239554018274636,-0.20239554018274647
1244,0,0.0911115912858487,-0.09111159128584874
1245,0,-0.049309237882015626,-0.1190430308450431
1246,0,0.33831806230437267,0.3383180623043726
1247,0,0.2644425170589249,-0.10953567703388545
1248,0,0.1830964159281446,0.44203385055563177
1249,0,-0.3383180623043727,-0.3383180623043726
1250,0,2.9296857498632844e-17,0.47845399210662953
1251,0,-0.7071067811865477,-0.7071067811865475
1252,0,-0.7071067811865477,-0.7071067811865475
1253,0,0.1830964159281446,0.44203385055563177
1254,0,7.88986342672337e-18,0.12885124808584156
1255,0,0.33831806230437267,0.3383180623043726
1256,0,-0.10953567703388542,-0.2644425170589249
1257,0,-0.7071067811865477,-0.7071067811865475
1258,0,-0.7071067811865477,-0.7071067811865475
1259,0,0.18309641592814466,-0.4420338505556317
1260,0,0.7071067811865474,-0.7071067811865477
1261,0,-0.7071067811865475,0.7071067811865476
1262,0,-0.3826834323650897,0.9238795325112867
1263,0,-0.3826834323650897,0.9238795325112867
1264,0,1.0,0.0
1265,0,0.44203385055563166,-0.18309641592814485
1266,0,0.20239554018274636,-0.20239554018274647
1267,0,-0.44203385055563177,0.18309641592814463
1268,0,0.0911115912858487,-0.09111159128584874
1269,0,0.38268343236508984,0.9238795325112867
1270,0,-0.2023955401827464,0.20239554018274641
1271,0,0.38268343236508984,0.9238795325112867
1272,0,0.09111159128584873,0.09111159128584871
1273,0,0.5043342057198138,0.5043342057198137
1274,0,0.10953567703388534,-0.2644425170589249
1275,0,0.27294370530589324,-0.6589443951138522
1276,0,0.2644425170589249,-0.10953567703388545
1277,0,0.2644425170589249,-0.10953567703388545
1278,0,1.0,0.0
1279,0,1.0,0.0
1280,0,-0.9238795325112867,0.3826834323650899
1281,0,-0.6589443951138524,-0.27294370530589296
1282,0,-0.3383180623043727,-0.3383180623043726
1283,0,-0.18309641592814482,-0.44203385055563166
1284,0,0.7071067811865476,0.7071067811865475
1285,0,0.38268343236508984,0.9238795325112867
1286,0,0.2862305178902687,0.0
1287,0,-0.7071067811865477,-0.7071067811865475
1288,0,-0.9238795325112868,-0.38268343236508967
1289,0,-0.5043342057198139,-0.5043342057198137
1290,0,-0.10953567703388542,-0.2644425170589249
1291,0,0.33831806230437267,0.3383180623043726
1292,0,0.27294370530589307,0.6589443951138523
1293,0,-0.12885124808584156,1.577972685344674e-17
1294,0,0.9238795325112867,0.3826834323650898
1295,0,-0.26444251705892496,0.1095356770338853
1296,0,1.0,0.0
1297,0,0.9238795325112867,0.3826834323650898
1298,0,-0.7071067811865475,0.7071067811865476
1299,0,-0.6589443951138523,0.2729437053058931
1300,0,-0.4420338505556318,-0.18309641592814452
1301,0,-0.47845399210662953,5.859371499726569e-17
1302,0,-5.2579693132891015e-17,-0.2862305178902687
1303,0,1.752656437763034e-17,0.2862305178902687
1304,0,2.9296857498632844e-17,0.47845399210662953
1305,0,0.6589443951138522,-0.2729437053058935
1306,0,0.44203385055563166,-0.18309641592814485
1307,0,1.0,0.0
1308,0,-0.38268343236509034,-0.9238795325112865
1309,0,1.0,0.0
1310,0,0.7071067811865474,-0.7071067811865477
1311,0,0.7071067811865474,-0.7071067811865477
1312,0,-0.38268343236509034,-0.9238795325112865
1313,0,-1.8369701987210297e-16,-1.0
1314,0,-1.0,1.2246467991473532e-16
1315,0,0.6589443951138523,0.27294370530589307
1316,0,-0.9238795325112868,-0.38268343236508967
1317,0,-0.7071067811865477,-0.7071067811865475
1318,0,-0.3826834323650897,0.9238795325112867
1319,0,-0.9238795325112867,0.3826834323650899
1320,0,-1.0,1.2246467991473532e-16
1321,0,-0.9238795325112867,0.3826834323650899
1322,0,-0.9238795325112867,0.3826834323650899
1323,0,0.0,0.0
1324,0,0.26444251705892496,0.10953567703388527
1325,0,0.10953567703388534,-0.2644425170589249
1326,0,0.18309641592814466,-0.4420338505556317
1327,0,0.5043342057198138,0.5043342057198137
1328,0,-0.12885124808584156,1.577972685344674e-17
1329,0,0.27294370530589307,0.6589443951138523
1330,0,-0.272943705305893,0.6589443951138523
1331,0,-0.09111159128584871,0.09111159128584873
1332,0,7.88986342672337e-18,0.12885124808584156
1333,0,7.88986342672337e-18,0.12885124808584156
1334,0,0.10953567703388528,0.26444251705892496
1335,0,-0.26444251705892496,0.1095356770338853
1336,0,-0.2023955401827464,0.20239554018274641
1337,0,0.18309641592814466,-0.4420338505556317
1338,0,0.9238795325112867,0.3826834323650898
1339,0,-0.27294370530589346,-0.6589443951138522
1340,0,-0.272943705305893,0.6589443951138523
1341,0,-0.38268343236509034,-0.9238795325112865
1342,0,2.9296857498632844e-17,0.47845399210662953
1343,0,-0.27294370530589346,-0.6589443951138522
1344,0,7.88986342672337e-18,0.12885124808584156
1345,0,-8.789057249589852e-17,-0.47845399210662953
1346,0,7.88986342672337e-18,0.12885124808584156
1347,0,-5.2579693132891015e-17,-0.2862305178902687
1348,0,-1.8369701987210297e-16,-1.0
1349,0,-0.18309641592814482,-0.44203385055563166
1350,0,2.9296857498632844e-17,0.47845399210662953
1351,0,0.27294370530589307,0.6589443951138523
1352,0,-0.049309237882015626,-0.1190430308450431
1353,0,0.26444251705892496,0.10953567703388527
1354,0,0.2862305178902687,0.0
1355,0,0.9238795325112867,0.3826834323650898
1356,0,7.88986342672337e-18,0.12885124808584156
1357,0,-0.5043342057198139,-0.5043342057198137
1358,0,2.9296857498632844e-17,0.47845399210662953
1359,0,-0.27294370530589346,-0.6589443951138522
1360,0,-0.12885124808584156,1.577972685344674e-17
1361,0,-0.049309237882015626,-0.1190430308450431
1362,0,0.26444251705892496,0.10953567703388527
1363,0,0.26444251705892496,0.10953567703388527
1364,0,0.26444251705892496,0.10953567703388527
1365,0,0.33831806230437267,0.3383180623043726
1366,0,-0.18309641592814482,-0.44203385055563166
1367,0,-0.272943705305893,0.6589443951138523
1368,0,0.2862305178902687,0.0
1369,0,0.18309641592814466,-0.4420338505556317
1370,0,0.2644425170589249,-0.10953567703388545
1371,0,-0.10953567703388525,0.26444251705892496
1372,0,0.1830964159281446,0.44203385055563177
1373,0,1.752656437763034e-17,0.2862305178902687
1374,0,0.10953567703388528,0.26444251705892496
1375,0,0.5043342057198138,0.5043342057198137
1376,0,0.2862305178902687,0.0
1377,0,0.04930923788201558,-0.11904303084504311
1378,0,0.27294370530589307,0.6589443951138523
1379,0,6.123233995736766e-17,1.0
1380,0,-0.18309641592814455,0.44203385055563177
1381,0,-1.0,1.2246467991473532e-16
1382,0,-0.3383180623043726,0.33831806230437267
1383,0,0.12885124808584156,0.0
1384,0,0.04930923788201558,-0.11904303084504311
1385,0,7.88986342672337e-18,0.12885124808584156
1386,0,-0.5043342057198139,-0.5043342057198137
1387,0,1.752656437763034e-17,0.2862305178902687
1388,0,7.88986342672337e-18,0.12885124808584156
1389,0,0.04930923788201556,0.11904303084504313
1390,0,-0.4420338505556318,-0.18309641592814452
1391,0,-0.2862305178902687,3.505312875526068e-17
1392,0,-0.10953567703388542,-0.2644425170589249
1393,0,-0.049309237882015626,-0.1190430308450431
1394,0,-0.11904303084504313,0.049309237882015564
1395,0,0.0,0.0
1396,0,0.04930923788201556,0.11904303084504313
1397,0,0.0,0.0
1398,0,0.11904303084504313,0.04930923788201555
1399,0,0.2862305178902687,0.0
1400,0,0.33831806230437267,0.3383180623043726
1401,0,-0.049309237882015626,-0.1190430308450431
1402,0,-1.3101937794293696e-16,-0.7132362736976232
1403,0,6.123233995736766e-17,1.0
1404,0,0.11904303084504313,0.04930923788201555
1405,0,-0.27294370530589346,-0.6589443951138522
1406,0,-0.18309641592814482,-0.44203385055563166
1407,0,-0.04930923788201554,0.11904303084504313
1408,0,0.04930923788201556,0.11904303084504313
1409,0,-0.049309237882015626,-0.1190430308450431
1410,0,0.0,0.0
1411,0,4.367312598097899e-17,0.7132362736976232
1412,0,0.04930923788201558,-0.11904303084504311
1413,0,0.2644425170589249,-0.10953567703388545
1414,0,-0.44203385055563177,0.18309641592814463
1415,0,-0.5043342057198139,-0.5043342057198137
1416,0,-0.27294370530589346,-0.6589443951138522
1417,0,-0.26444251705892496,0.1095356770338853
1418,0,0.0,0.0
1419,0,0.5043342057198138,0.5043342057198137
1420,0,-1.3101937794293696e-16,-0.7132362736976232
1421,0,0.20239554018274641,0.2023955401827464
1422,0,0.20239554018274641,0.2023955401827464
1423,0,0.04930923788201556,0.11904303084504313
1424,0,0.38268343236509,-0.9238795325112866
1425,0,-0.9238795325112867,0.3826834323650899
1426,0,-0.9238795325112867,0.3826834323650899
1427,0,0.5043342057198137,-0.5043342057198139
1428,0,0.27294370530589324,-0.6589443951138522
1429,0,0.2644425170589249,-0.10953567703388545
1430,0,0.20239554018274636,-0.20239554018274647
1431,0,0.26444251705892496,0.10953567703388527
1432,0,0.5043342057198138,0.5043342057198137
1433,0,0.04930923788201556,0.11904303084504313
1434,0,0.27294370530589307,0.6589443951138523
1435,0,0.38268343236509,-0.9238795325112866
1436,0,-0.7071067811865477,-0.7071067811865475
1437,0,-0.7071067811865477,-0.7071067811865475
1438,0,-0.7071067811865477,-0.7071067811865475
1439,0,-0.9238795325112867,0.3826834323650899
1440,0,-0.9238795325112867,0.3826834323650899
1441,0,-0.9238795325112868,-0.38268343236508967
1442,0,-0.9238795325112868,-0.38268343236508967
1443,0,-0.7132362736976232,8.734625196195798e-17
1444,0,-0.5043342057198137,0.5043342057198138
1445,0,-0.6589443951138523,0.2729437053058931
1446,0,-0.6589443951138523,0.2729437053058931
1447,0,-0.9238795325112867,0.3826834323650899
1448,0,-0.7071067811865475,0.7071067811865476
1449,4,-0.9238795325112868,-0.38268343236508967
1450,4,-0.7071067811865477,-0.7071067811865475
1451,4,-0.7071067811865477,-0.7071067811865475
1452,4,-1.0,1.2246467991473532e-16
1453,4,-0.9238795325112867,0.3826834323650899
1454,4,-1.0,1.2246467991473532e-16
1455,3,-0.9238795325112867,0.3826834323650899
1456,3,-1.0,1.2246467991473532e-16
1457,2,-0.9238795325112867,0.3826834323650899
1458,2,-0.7071067811865475,0.7071067811865476
1459,3,-0.7071067811865475,0.7071067811865476
1460,2,-0.3826834323650897,0.9238795325112867
1461,2,-0.3826834323650897,0.9238795325112867
1462,3,-0.3826834323650897,0.9238795325112867
1463,1,-0.3826834323650897,0.9238795325112867
1464,2,-0.3826834323650897,0.9238795325112867
1465,2,-0.3826834323650897,0.9238795325112867
1466,2,-0.3826834323650897,0.9238795325112867
1467,3,6.123233995736766e-17,1.0
1468,6,6.123233995736766e-17,1.0
1469,7,6.123233995736766e-17,1.0
1470,8,6.123233995736766e-17,1.0
1471,7,4.367312598097899e-17,0.7132362736976232
1472,8,0.38268343236508984,0.9238795325112867
1473,9,0.38268343236508984,0.9238795325112867
1474,8,4.367312598097899e-17,0.7132362736976232
1475,8,0.38268343236508984,0.9238795325112867
1476,9,0.38268343236508984,0.9238795325112867
1477,9,-0.27294370530589346,-0.6589443951138522
1478,9,-0.27294370530589346,-0.6589443951138522
1479,7,-0.38268343236509034,-0.9238795325112865
1480,8,-0.38268343236509034,-0.9238795325112865
1481,6,-1.3101937794293696e-16,-0.7132362736976232
1482,6,-1.3101937794293696e-16,-0.7132362736976232
1483,5,0.18309641592814466,-0.4420338505556317
1484,5,0.20239554018274636,-0.20239554018274647
1485,5,0.7071067811865476,0.7071067811865475
1486,6,0.38268343236508984,0.9238795325112867
1487,6,0.38268343236508984,0.9238795325112867
1488,7,0.38268343236508984,0.9238795325112867
1489,8,6.123233995736766e-17,1.0
1490,7,6.123233995736766e-17,1.0
1491,7,0.38268343236508984,0.9238795325112867
1492,6,0.38268343236508984,0.9238795325112867
1493,5,6.123233995736766e-17,1.0
1494,5,-0.3383180623043727,-0.3383180623043726
1495,5,-0.7071067811865477,-0.7071067811865475
1496,5,0.44203385055563166,-0.18309641592814485
1497,5,0.9238795325112867,0.3826834323650898
1498,5,0.9238795325112867,0.3826834323650898
1499,6,0.38268343236508984,0.9238795325112867
1500,7,-0.3826834323650897,0.9238795325112867
1501,6,-0.272943705305893,0.6589443951138523
1502,6,6.123233995736766e-17,1.0
1503,6,6.123233995736766e-17,1.0
1504,6,0.38268343236508984,0.9238795325112867
1505,5,0.5043342057198137,-0.5043342057198139
1506,5,0.9238795325112867,0.3826834323650898
1507,5,0.9238795325112867,0.3826834323650898
1508,4,0.9238795325112867,0.3826834323650898
1509,4,1.0,0.0
1510,5,0.7071067811865476,0.7071067811865475
1511,6,0.7071067811865476,0.7071067811865475
1512,8,0.38268343236508984,0.9238795325112867
1513,8,0.7071067811865476,0.7071067811865475
1514,8,0.7071067811865476,0.7071067811865475
1515,8,0.7071067811865476,0.7071067811865475
1516,7,-0.3826834323650897,0.9238795325112867
1517,7,0.27294370530589307,0.6589443951138523
1518,2,-0.9238795325112868,-0.38268343236508967
1519,3,-0.7071067811865477,-0.7071067811865475
1520,3,-0.7071067811865477,-0.7071067811865475
1521,3,-1.0,1.2246467991473532e-16
1522,3,-1.0,1.2246467991473532e-16
1523,2,-1.0,1.2246467991473532e-16
1524,2,-0.9238795325112867,0.3826834323650899
1525,2,-0.9238795325112867,0.3826834323650899
1526,2,-0.7071067811865475,0.7071067811865476
1527,1,-0.7071067811865475,0.7071067811865476
1528,3,-0.7071067811865475,0.7071067811865476
1529,3,-0.7071067811865475,0.7071067811865476
1530,3,-0.3826834323650897,0.9238795325112867
1531,3,-0.3826834323650897,0.9238795325112867
1532,3,-0.3826834323650897,0.9238795325112867
1533,5,-0.3826834323650897,0.9238795325112867
1534,4,-0.9238795325112867,0.3826834323650899
1535,3,-0.9238795325112867,0.3826834323650899
1536,3,-0.9238795325112867,0.3826834323650899
1537,3,-0.7071067811865475,0.7071067811865476
1538,3,0.38268343236508984,0.9238795325112867
1539,3,0.38268343236508984,0.9238795325112867
1540,3,0.38268343236508984,0.9238795325112867
1541,3,0.38268343236508984,0.9238795325112867
1542,4,0.38268343236508984,0.9238795325112867
1543,6,0.38268343236508984,0.9238795325112867
1544,5,0.38268343236508984,0.9238795325112867
1545,5,0.5043342057198138,0.5043342057198137
1546,8,0.38268343236508984,0.9238795325112867
1547,10,0.38268343236508984,0.9238795325112867
1548,11,0.38268343236508984,0.9238795325112867
1549,11,0.38268343236508984,0.9238795325112867
1550,11,0.38268343236508984,0.9238795325112867
1551,10,0.7071067811865476,0.7071067811865475
1552,9,0.7071067811865476,0.7071067811865475
1553,8,0.7071067811865476,0.7071067811865475
1554,8,0.7071067811865476,0.7071067811865475
1555,9,0.7071067811865476,0.7071067811865475
1556,8,0.9238795325112867,0.3826834323650898
1557,8,0.7071067811865476,0.7071067811865475
1558,6,0.7071067811865476,0.7071067811865475
1559,7,0.9238795325112867,0.3826834323650898
1560,8,0.7071067811865476,0.7071067811865475
1561,7,0.38268343236508984,0.9238795325112867
1562,6,0.38268343236508984,0.9238795325112867
1563,6,0.7071067811865476,0.7071067811865475
1564,4,0.7071067811865476,0.7071067811865475
1565,3,0.7071067811865476,0.7071067811865475
1566,3,0.38268343236508984,0.9238795325112867
1567,1,-0.3826834323650897,0.9238795325112867
1568,5,-1.0,1.2246467991473532e-16
1569,4,-1.8369701987210297e-16,-1.0
1570,4,-0.38268343236509034,-0.9238795325112865
1571,4,-0.7071067811865477,-0.7071067811865475
1572,4,-0.9238795325112868,-0.38268343236508967
1573,4,-0.9238795325112867,0.3826834323650899
1574,4,-0.9238795325112867,0.3826834323650899
1575,4,-1.0,1.2246467991473532e-16
1576,5,-0.9238795325112867,0.3826834323650899
1577,5,-0.9238795325112867,0.3826834323650899
1578,4,-0.7071067811865475,0.7071067811865476
1579,4,-0.7071067811865475,0.7071067811865476
1580,4,-0.7071067811865475,0.7071067811865476
1581,3,-0.7071067811865475,0.7071067811865476
1582,3,-0.3826834323650897,0.9238795325112867
1583,3,-0.3826834323650897,0.9238795325112867
1584,3,-0.3826834323650897,0.9238795325112867
1585,4,6.123233995736766e-17,1.0
1586,5,6.123233995736766e-17,1.0
1587,7,6.123233995736766e-17,1.0
1588,7,6.123233995736766e-17,1.0
1589,6,6.123233995736766e-17,1.0
1590,7,6.123233995736766e-17,1.0
1591,8,6.123233995736766e-17,1.0
1592,7,0.38268343236508984,0.9238795325112867
1593,8,0.38268343236508984,0.9238795325112867
1594,8,0.38268343236508984,0.9238795325112867
1595,8,-0.272943705305893,0.6589443951138523
1596,7,-0.272943705305893,0.6589443951138523
1597,8,0.7071067811865476,0.7071067811865475
1598,9,0.7071067811865476,0.7071067811865475
1599,8,-0.6589443951138524,-0.27294370530589296
1600,8,0.27294370530589307,0.6589443951138523
1601,7,2.9296857498632844e-17,0.47845399210662953
1602,8,0.27294370530589307,0.6589443951138523
1603,9,0.7071067811865476,0.7071067811865475
1604,9,0.7071067811865476,0.7071067811865475
1605,8,0.7071067811865476,0.7071067811865475
1606,6,0.7071067811865476,0.7071067811865475
1607,5,0.7071067811865476,0.7071067811865475
1608,6,0.7071067811865476,0.7071067811865475
1609,7,-0.18309641592814482,-0.44203385055563166
1610,6,0.04930923788201558,-0.11904303084504311
1611,8,0.7071067811865476,0.7071067811865475
1612,8,0.5043342057198138,0.5043342057198137
1613,8,0.7071067811865476,0.7071067811865475
1614,8,0.7071067811865476,0.7071067811865475
1615,6,0.38268343236508984,0.9238795325112867
1616,4,0.27294370530589324,-0.6589443951138522
1617,4,0.26444251705892496,0.10953567703388527
1618,9,0.6589443951138522,-0.2729437053058935
1619,10,-0.38268343236509034,-0.9238795325112865
1620,9,-0.18309641592814482,-0.44203385055563166
1621,9,-8.789057249589852e-17,-0.47845399210662953
1622,11,-2.3669590280170105e-17,-0.12885124808584156
1623,7,6.123233995736766e-17,1.0
1624,3,-0.9238795325112868,-0.38268343236508967
1625,4,-0.7071067811865477,-0.7071067811865475
1626,4,-0.7071067811865477,-0.7071067811865475
1627,4,-0.9238795325112867,0.3826834323650899
1628,4,-1.0,1.2246467991473532e-16
1629,5,-0.9238795325112867,0.3826834323650899
1630,4,-1.0,1.2246467991473532e-16
1631,4,-1.0,1.2246467991473532e-16
1632,4,-0.9238795325112867,0.3826834323650899
1633,5,-0.7071067811865475,0.7071067811865476
1634,4,-0.7071067811865475,0.7071067811865476
1635,3,-0.3826834323650897,0.9238795325112867
1636,3,-0.3826834323650897,0.9238795325112867
1637,3,-0.3826834323650897,0.9238795325112867
1638,5,-0.3826834323650897,0.9238795325112867
1639,5,6.123233995736766e-17,1.0
1640,5,6.123233995736766e-17,1.0
1641,5,6.123233995736766e-17,1.0
1642,6,6.123233995736766e-17,1.0
1643,6,6.123233995736766e-17,1.0
1644,6,6.123233995736766e-17,1.0
1645,5,6.123233995736766e-17,1.0
1646,4,6.123233995736766e-17,1.0
1647,4,4.367312598097899e-17,0.7132362736976232
1648,5,4.367312598097899e-17,0.7132362736976232
1649,5,4.367312598097899e-17,0.7132362736976232
1650,8,4.367312598097899e-17,0.7132362736976232
1651,9,0.38268343236508984,0.9238795325112867
1652,9,-0.18309641592814482,-0.44203385055563166
1653,9,-0.27294370530589346,-0.6589443951138522
1654,8,-0.2862305178902687,3.505312875526068e-17
1655,6,0.12885124808584156,0.0
1656,6,-0.6589443951138523,0.2729437053058931
1657,6,-0.12885124808584156,1.577972685344674e-17
1658,6,-0.10953567703388542,-0.2644425170589249
1659,6,-0.10953567703388542,-0.2644425170589249
1660,5,0.38268343236509,-0.9238795325112866
1661,5,-5.2579693132891015e-17,-0.2862305178902687
1662,7,-5.2579693132891015e-17,-0.2862305178902687
1663,6,-0.10953567703388542,-0.2644425170589249
1664,6,-0.09111159128584874,-0.09111159128584871
1665,6,0.11904303084504313,0.04930923788201555
1666,7,0.9238795325112867,0.3826834323650898
1667,7,0.7071067811865476,0.7071067811865475
1668,8,0.7071067811865476,0.7071067811865475
1669,9,0.27294370530589307,0.6589443951138523
1670,9,-0.47845399210662953,5.859371499726569e-17
1671,0,0.7071067811865476,0.7071067811865475
